type	study.study_id	participant.study_participant_id	sample.sample_id	file_name	file_type	file_description	file_size	md5sum	experimental_strategy_and_data_subtypes	submission_version	checksum_value	checksum_algorithm	file_mapping_level	release_datetime	is_supplementary_file	entityid
file				DUPLICATE_FILENAME_1/0000265770_S1_R1_001.fastq.gz			3100672591	e06f2f740430c786a87a8f96d5b02a1a								syn68527430
file				DUPLICATE_FILENAME_1/0000265770_S1_R2_001.fastq.gz			3313601345	0b25824bb7376f7e090854d6b863fd35								syn68527435
file				DUPLICATE_FILENAME_1/0000303169_S1_R1_001.fastq.gz			3240621524	f689b9da0c6403caa3b32569f858a647								syn68527458
file				DUPLICATE_FILENAME_1/0000303169_S1_R2_001.fastq.gz			3527158405	286ef5320da5130d2080a1c4ff4bec8d								syn68527461
file				DUPLICATE_FILENAME_1/0000319997_S1_R1_001.fastq.gz			2798791532	f8ec46126654ee70dc48b03c73dda104								syn68527462
file				DUPLICATE_FILENAME_1/0000319997_S1_R2_001.fastq.gz			3002199524	0655a1550caf96738028a2c7d9cd4840								syn68527468
file				DUPLICATE_FILENAME_1/0000320079_S1_R1_001.fastq.gz			2202150117	f21d01e28138e925c1d7e7b870810aba								syn68527477
file				DUPLICATE_FILENAME_1/0000320079_S1_R2_001.fastq.gz			2405024976	923e678c2f48b28b68c7e6bd223ae274								syn68527478
file				DUPLICATE_FILENAME_1/0000320114_S1_R1_001.fastq.gz			2172522397	353a082b04b3ee4da18569ce3ea86ed4								syn68527484
file				DUPLICATE_FILENAME_1/0000320114_S1_R2_001.fastq.gz			2352885302	5e353cc3ecffd1a3d1bd03ea26d32d08								syn68527492
file				DUPLICATE_FILENAME_1/0000320245_S1_R1_001.fastq.gz			951376691	aae1deb97d4e51a46b68fb8a404f647d								syn68527497
file				DUPLICATE_FILENAME_1/0000320245_S1_R2_001.fastq.gz			1063994504	976533499ce63d87bcb3e41ca9d40433								syn68527502
file				DUPLICATE_FILENAME_1/0000321912_S1_R1_001.fastq.gz			2324142947	f2410c2a237b623ae0999985e13821c4								syn68527527
file				DUPLICATE_FILENAME_1/0000321912_S1_R2_001.fastq.gz			2548485570	c36962e573b20039ddd2152fe350678a								syn68527537
file				DUPLICATE_FILENAME_1/0000321972_S1_R1_001.fastq.gz			2214766112	c96ee96c1e7e8fa385287bc9878b286b								syn68527550
file				DUPLICATE_FILENAME_1/0000321972_S1_R2_001.fastq.gz			2449424209	16e0a27c3fa3dbfb24b955f8f154a6d8								syn68527554
file				DUPLICATE_FILENAME_1/0000340456_S1_R1_001.fastq.gz			2001942799	9151df1b4044fa7df13d5fcdb06b1079								syn68527639
file				DUPLICATE_FILENAME_1/0000340456_S1_R2_001.fastq.gz			2173545327	84fad0fc2edb683e2ece50419692a4a2								syn68527643
file				DUPLICATE_FILENAME_1/0000340463_S2_R1_001.fastq.gz			1915215101	f45bfceff0b69bdcdb4ef9449a28c476								syn68527645
file				DUPLICATE_FILENAME_1/0000340463_S2_R2_001.fastq.gz			2075039940	e77fe0d088fc49e3936f3423361245d6								syn68527648
file				DUPLICATE_FILENAME_1/0000340469_S1_R1_001.fastq.gz			2013214601	1a04a3ebb4ace6a90e5bce926e5aa54e								syn68527650
file				DUPLICATE_FILENAME_1/0000340469_S1_R2_001.fastq.gz			2211547387	4cea55dcd4388767b8b33e0c8c838f85								syn68527661
file				DUPLICATE_FILENAME_1/0000346152_S1_R1_001.fastq.gz			1923272861	f2d780a3318c0e2dfe5a8d1a36150510								syn68527669
file				DUPLICATE_FILENAME_1/0000346152_S1_R2_001.fastq.gz			2124124806	c04f5b386f01b92c1e361793ffc7e4bf								syn68527671
file				DUPLICATE_FILENAME_1/0000366871_R1.fastq.gz			3093066556	5dedd7baed34076add9f84e64a6ffd28								syn68527675
file				DUPLICATE_FILENAME_1/0000366871_R2.fastq.gz			3442818449	9bd7d947a1dec210d08f5399e02fa075								syn68527693
file				DUPLICATE_FILENAME_1/0000367988_R1.fastq.gz			1626933115	ac1d68e1050f8cbe79b13b0303f4db4b								syn68527702
file				DUPLICATE_FILENAME_1/0000367988_R2.fastq.gz			1831988133	662fc998e103ed066329a565fe693ed3								syn68527707
file				DUPLICATE_FILENAME_1/0000368070_S1_R1_001.fastq.gz			1547503723	d3cae676aaa944ad57dc07026aad90a9								syn68527711
file				DUPLICATE_FILENAME_1/0000368070_S1_R2_001.fastq.gz			1754168689	7e7d208b259e68dfb0e07d271613c972								syn68527719
file				DUPLICATE_FILENAME_1/0000368112_S1_R1_001.fastq.gz			2375728373	3f800a692d81c92b106dd0d8ccc159d0								syn68527730
file				DUPLICATE_FILENAME_1/0000368112_S1_R2_001.fastq.gz			2633642588	bf75db65a79f7a1f2fbe89e7dab15d16								syn68527741
file				DUPLICATE_FILENAME_1/0000382610_R1.fastq.gz			2044756355	442571fba624d8cd3706101b281f7e78								syn68527777
file				DUPLICATE_FILENAME_1/0000382610_R2.fastq.gz			2325177053	3037337c532886e849c372dff2f73bc5								syn68527778
file				DUPLICATE_FILENAME_1/0000382748_S1_R1_001.fastq.gz			2127291748	51eb529d9d2ce36ece25fe228e5c3596								syn68527780
file				DUPLICATE_FILENAME_1/0000382748_S1_R2_001.fastq.gz			2368544663	92a261b2fdd0a181db4b878f3a01607f								syn68527790
file				DUPLICATE_FILENAME_1/0000394763_S1_R1_001.fastq.gz			2101101226	169f7e445af1fd14bc24e5356e9144ac								syn68527837
file				DUPLICATE_FILENAME_1/0000394763_S1_R2_001.fastq.gz			2422773525	ae091ec482b4f7f38056803f7f59964c								syn68527846
file				DUPLICATE_FILENAME_1/0000394880_R1.fastq.gz			2578249702	d61c22243b16d62de04ebd1d16d41beb								syn68527849
file				DUPLICATE_FILENAME_1/0000394880_R2.fastq.gz			2885575038	b289ae2b292d2c0f0be158bd05a37e86								syn68527865
file				DUPLICATE_FILENAME_1/0000399183_R1.fastq.gz			2220353152	be653de80e58b7cefd482881008d11e8								syn68527867
file				DUPLICATE_FILENAME_1/0000399183_R2.fastq.gz			2634130113	31b7908a972f34e33eb2d0eebe546b15								syn68527876
file				DUPLICATE_FILENAME_1/0000404813_R1.fastq.gz			1367646712	56ca71df3b162cc82fb9cd9de7601d62								syn68527878
file				DUPLICATE_FILENAME_1/0000404813_R2.fastq.gz			1740044479	34f5a7cae7d8e314c2c2cdce0983ce5b								syn68527890
file				DUPLICATE_FILENAME_1/0000424110_R1.fastq.gz			1886048700	ef91c92ab5d269dc9e90e40cfbb70bc2								syn68527897
file				DUPLICATE_FILENAME_1/0000424110_R2.fastq.gz			2206938378	df9bd6451c04197c4d13f192205a5f41								syn68527906
file				DUPLICATE_FILENAME_1/0000424126_R1.fastq.gz			2936854319	9165130b8408d5916f5d566e91677971								syn68527926
file				DUPLICATE_FILENAME_1/0000424126_R2.fastq.gz			3305631821	21d9f65ced8934ac30b5c355e2c80ad4								syn68527937
file				DUPLICATE_FILENAME_1/0000434093_R1.fastq.gz			2207881347	75798c4b16a9a9c083d3af5c8fd22fdb								syn68527944
file				DUPLICATE_FILENAME_1/0000434093_R2.fastq.gz			2487545440	9a0ab5a3acb2c999f32533077a9e5a14								syn68527955
file				DUPLICATE_FILENAME_1/0000434105_R1.fastq.gz			1646364031	3f41833c64544215157c1136c0f0136c								syn68527957
file				DUPLICATE_FILENAME_1/0000434105_R2.fastq.gz			1838550050	fe697b8ab33b8d7a8f77371131710e3a								syn68527985
file				DUPLICATE_FILENAME_1/0000434568_R1.fastq.gz			1108393427	ae52a8faa38306db4224f6139405f47a								syn68528000
file				DUPLICATE_FILENAME_1/0000434568_R2.fastq.gz			1276279046	67e555e448e43be790adc75dc174758e								syn68528001
file				DUPLICATE_FILENAME_1/0000446970_R1.fastq.gz			808287451	dd272df79915ae785050b9d061fc58b5								syn68528002
file				DUPLICATE_FILENAME_1/0000446970_R2.fastq.gz			943160370	eaa50fd7e4416839377cdf1f2d0eac9d								syn68528005
file				DUPLICATE_FILENAME_1/0000447031_R1.fastq.gz			929586984	ac466b32e6daaf96ecd82783580ec933								syn68528012
file				DUPLICATE_FILENAME_1/0000447031_R2.fastq.gz			1063574027	992e87e04a6ac1c0e8f0f718742be701								syn68528013
file				DUPLICATE_FILENAME_1/0000447063_R1.fastq.gz			1487728666	740f7e4697fcc88b6db8fac8312650a3								syn68528017
file				DUPLICATE_FILENAME_1/0000447063_R2.fastq.gz			1638461212	2bbfaae7c091c1d75fddb2ba3654305e								syn68528020
file				DUPLICATE_FILENAME_1/0000447194_R1.fastq.gz			1345161496	9863506be11ff01e9aa84d06e9dc3a63								syn68528023
file				64015_AdjNormal_20201016.trimmed.unique.fastq			38290299569	5d33b1e4763a905028f396b167836ef0								syn66511517
file				m35668_20200825_adca.ccs.fastq			54635958319	6e869bbe81419937968603fbad37df0e								syn66511525
file				m35669_20200825_polyp.ccs.fastq			38328918212	827caa78eb28c97c911aba46797f0aa4								syn66511526
file				m35670_20200825_norm.ccs.fastq			32839145709	540a71686815ca26dbaa232a9310efc3								syn66511529
file				m64069_200801_031534.ccs.fastq			47979409873	996b2947e56f963b6e4ff48faf0d28ba								syn66511548
file				m64069_200802_094347.ccs.fastq			64107125689	a2b3221c03bb9f5d0987fef4415e59c1								syn66511578
file				m64069_200803_161217.ccs.fastq			58224913106	909fa13733358b23b0c106b0456c0923								syn66511594
file				DUPLICATE_FILENAME_1/0000303169.bam			6831442420	1abcfc70adc59720ea18171b70699c88								syn68528031
file				DUPLICATE_FILENAME_1/0000319997.bam			14350872150	4c6e34f9ee64670ba72ffcdcb3ad48e4								syn68528078
file				DUPLICATE_FILENAME_1/0000320079.bam			10696919217	6d44b93768fc691a6a709104ba4f5f7e								syn68528089
file				DUPLICATE_FILENAME_1/0000320245.bam			10520624316	8a5fe6b675b1288636a3982af85f04c5								syn68528185
file				DUPLICATE_FILENAME_1/0000321972.bam			11534532608	52f33cac161ffa7942c302e984b352c6								syn68528286
file				DUPLICATE_FILENAME_1/0000340456.bam			18223343973	1a7fa4c49740eea4af066ffe2cb0c148								syn68528334
file				DUPLICATE_FILENAME_1/0000340463.bam			18170651552	c3a9583d35e3c0104c25d5df1577ba44								syn68528399
file				DUPLICATE_FILENAME_1/0000346152.bam			12145446535	64afc534420748d2ebef014553b2b528								syn68528400
file				DUPLICATE_FILENAME_1/0000265770.bam			1327899477	7a8ace16fdea1d52a908c6a760853b04								syn68528202
file				DUPLICATE_FILENAME_2/0000303169.bam			529016503	78a7d853fce8872ca9839170ad40fa9a								syn68528204
file				DUPLICATE_FILENAME_2/0000319997.bam			2570732979	f58f8ba2d302110fcf9fd31b580f8847								syn68528216
file				DUPLICATE_FILENAME_2/0000320079.bam			1264959533	265281e68e1fba4b698f70d2ca920b8e								syn68528222
file				DUPLICATE_FILENAME_1/0000320114.bam			1761591040	c36b4d92aa625b476d187f7feb97a484								syn68528227
file				DUPLICATE_FILENAME_2/0000320245.bam			902602756	45645679fdb0b8c132473992530e59c5								syn68528229
file				DUPLICATE_FILENAME_1/0000320296.bam			824750546	5e1ccf4104b187afa13364600735d21a								syn68528230
file				DUPLICATE_FILENAME_1/0000321912.bam			1896713041	711ec7332a0d3657a8b10087f8154cc2								syn68528234
file				DUPLICATE_FILENAME_2/0000321972.bam			2163493009	8e279d6e957a88f9ce79b87571c5c2b9								syn68528245
file				DUPLICATE_FILENAME_1/0000321988.bam			846926389	bc63960f9170df316b2ac447b1693031								syn68528247
file				DUPLICATE_FILENAME_1/0000321995.bam			836571197	3f9e7dc59ea48986a40d2e067b582cb3								syn68528250
file				DUPLICATE_FILENAME_1/0000322035.bam			1380665068	c783e04ce1243d92ab282dac9d41a471								syn68528255
file				DUPLICATE_FILENAME_1/0000322041.bam			1003367577	69ae36089ca34dd98f65ce9533d8885a								syn68528257
file				DUPLICATE_FILENAME_2/0000340456.bam			1942377422	387ad15ce9e21eec14d05d9e72ec0572								syn68528266
file				DUPLICATE_FILENAME_2/0000340463.bam			1335565933	2b83891354fb4ae2074f1ab8fcc7d3e8								syn68528268
file				DUPLICATE_FILENAME_1/0000340469.bam			1206482198	6383b228cf4af2618365a34d119173e1								syn68528270
file				DUPLICATE_FILENAME_2/0000346152.bam			915081620	3b9f5de7a03db12246f5f9ac19157643								syn68528272
file				DUPLICATE_FILENAME_1/0000366871.bam			1878554756	aa825ec9eb82bf943d11c053868791a7								syn68528274
file				DUPLICATE_FILENAME_1/0000367988.bam			940098342	f6dd0fb6b1223cb5b2b59cbcae9dbc19								syn68528275
file				DUPLICATE_FILENAME_1/0000368070.bam			1162935747	13b00cd687dd0fd2f470fed6e02be484								syn68528277
file				DUPLICATE_FILENAME_1/0000368112.bam			1919839634	1ca41efb4047466d27502f2b9798ecf9								syn68528280
file				DUPLICATE_FILENAME_1/0000382610.bam			1475244373	617c1eb3c3c95d1fb65ba374c0c83bde								syn68528287
file				DUPLICATE_FILENAME_1/0000382748.bam			1644486325	93a29c8013ac33479de2bd66de8183fa								syn68528290
file				DUPLICATE_FILENAME_1/0000382837.bam			1373094068	29b5dfa9bf32f01bf2b534825ebf3f4d								syn68528291
file				DUPLICATE_FILENAME_1/0000382886.bam			2709356247	129fcc8f7d1cf97dad777d595cc35db9								syn68528298
file				DUPLICATE_FILENAME_1/0000394763.bam			1510872467	386d68c0d21389c9536fbe780d229893								syn68528299
file				DUPLICATE_FILENAME_1/0000394880.bam			1262961054	4356f41669b55eda143ebfa39346cc5d								syn68528300
file				DUPLICATE_FILENAME_1/0000399183.bam			1681108813	ecf5c692355d9cd1779bf8b9f91738d4								syn68528302
file				DUPLICATE_FILENAME_1/0000404813.bam			1021821219	840af68dac1003b8ccd4942f15ddbc6c								syn68528303
file				DUPLICATE_FILENAME_1/0000424110.bam			661967489	a40c7a11c0c6c160051c364425258e39								syn68528305
file				DUPLICATE_FILENAME_1/0000424126.bam			2179854870	4f933314ab4b8128302b7a9e09301525								syn68528308
file				DUPLICATE_FILENAME_1/0000434093.bam			1621734234	fc5912b84948b5c5fb7861f27b245891								syn68528309
file				DUPLICATE_FILENAME_1/0000434105.bam			965484727	6a297d09c577f0d9b5465d9a1c114908								syn68528316
file				DUPLICATE_FILENAME_1/0000434568.bam			537156197	21c06e8c2397a3cb5807a9bdb482c35e								syn68528318
file				DUPLICATE_FILENAME_1/0000446970.bam			582298215	e09f90b26d01fbf8a43dc2aa81415c2a								syn68528319
file				DUPLICATE_FILENAME_1/0000447031.bam			821390963	7d4ae484412d5112a147bb5e24d4dad9								syn68528320
file				DUPLICATE_FILENAME_1/0000447063.bam			763475627	c409f23b476ccc6a15095c53a8777a77								syn68528321
file				DUPLICATE_FILENAME_1/0000447194.bam			1197188450	5521c9f80f38e2a177eb11dffc5cf6c8								syn68528322
file				PCGA02_20119_1019102.dedup.BQSR.sorted.bam			28414836736	8258f600f6a8f9634e2b3757d7ff7575								syn66046398
file				PCGA02_20152_1052109.dedup.BQSR.sorted.bam			30782504575	585b8355462745e3dd9def91ba12e5dc								syn65941821
file				HTA5_1287_1003.bam			53009948825	875ea7eef2ae331a2c53eafa475eb40e								syn68741774
file				HTA5_1287_9000.bam			27256729588	52036c88a785f7e5956353ae40866f97								syn68741810
file				HTA5_1380_1004.bam			29098770304	d8e1a0e8c48dd2a2caadf9419484aea6								syn68742060
file				HTA5_1573_1004.bam			28073120353	3a8008a5116a6dd03b002909c4e64952								syn68742178
file				HTA5_1627_1006.bam			43698012066	bae600236c3cc70dc2734171b02298c3								syn68742230
file				HTA5_1627_9000.bam			48027019683	d356f6b976c298d94fe6cf22027becf9								syn68742302
file				HTA5_1654_1003.bam			32982220528	5c0c2ed76654543c3f048dd121fb8180								syn68742513
file				HTA5_1654_9000.bam			24112199158	3fc2b415b3f1437134c7aca79586a525								syn68742555
file				HTA5_1665_1005.bam			44479028549	d0bdb1ec49066bebcbb8c8749b6082ea								syn68747185
file				HTA5_1733_1004.bam			45541516560	f8eb1b046ccdd24b0b9a2bafce2c5ae1								syn68743532
file				HTA5_1736_2002.bam			57558520490	be8952d1e596531a4a486000c181df05								syn68743676
file				HTA5_1749_2002.bam			51102247809	d8d9b93f34538c42bdc6c8358c4744ee								syn68743799
file				HTA5_1781_2002.bam			53093728063	6f20922c80b0b61ba8cf450a4d26bfb0								syn68743940
file				HTA5_1791_1012.bam			29833585436	5dea6c8de6baf3a4711120ff5b0d7643								syn68744027
file				HTA5_1805_1007.bam			34917133130	b8fd7d10afef474346f546db7414b26c								syn68744104
file				HTA5_1805_9000.bam			52123202855	47db7c216497bc0eafccefce05017356								syn68744231
file				HTA5_1839_9000.bam			52519206630	4c71553e15175fee29d2c637d7669a6e								syn68744366
file				HTA5_1847_1006.bam			30188360346	637e873559374481ce019ab9770487c9								syn68744442
file				HTA5_1847_9000.bam			63114174681	5987280733f2515fde2b53a492e772e9								syn68744598
file				HTA5_1858_1009.bam			61284433766	ea8e9c26966ab4546ce1bd469ff5a1eb								syn68744670
file				HTA5_1918_1003.bam			33028800211	e1f81d6d1bdcfbf963ac187b851a69cf								syn68744762
file				HTA5_1942_1006.bam			41120699152	6b7a27b9567d0003acee49a64600f944								syn68744818
file				10096-AS-1_S1_L005_R1_001.fastq.gz			42600239117	eec4d13a5f41fb651d46e38d47a9ed0e								syn52578143
file				10096-AS-1_S1_L005_R2_001.fastq.gz			44640592255	801bf312af34f019079ca99c3f3039e9								syn52578146
file				10180-AS-0001_S1_L005_R1_001.fastq.gz			24155166291	b4d99b19bd431114b53f30e8f2ad013f								syn52578150
file				10180-AS-0001_S1_L005_R2_001.fastq.gz			24906141107	f465e3a9a3b56e92331b506eba298a49								syn52578152
file				10180-AS-0002_S1_L005_R1_001.fastq.gz			26535719002	5d6d6ef7e423ec4f42aeaa89b8452cbf								syn52578153
file				10180-AS-0002_S1_L005_R2_001.fastq.gz			26812122253	e8f1a04983892b156b4d8f78d0118c19								syn52578155
file				6091-SR-4_S1_L005_R1_001.fastq.gz			23739934650	51917b41c07728b51fb0be4afddd6012								syn64768674
file				6091-SR-4_S1_L005_R2_001.fastq.gz			22669207182	6a2c8cb860794b720811d2caaaf46941								syn64768692
file				6091-SR-3_S1_L005_R1_001.fastq.gz			24428708355	c2b3990c6616b6fd7fa60c818601f198								syn64768745
file				6091-SR-3_S1_L005_R2_001.fastq.gz			23480186576	37cda5bcd4af534ecc14087b76dabd4d								syn64768788
file				4139-SR-1_S44_L001_R1_001.fastq.gz			26448454663	a3865318df45146f6ddeaf1f47632764								syn64768829
file				4139-SR-1_S44_L001_R2_001.fastq.gz			24734262322	5b62690d001a05bec54c751606a63066								syn64768894
file				4139-SR-3_S46_L001_R1_001.fastq.gz			25671248213	ca65e13227f3ef1ef91d9ec1cb7272d1								syn64768948
file				4720-SR-1_S14_L005_R1_001.fastq.gz			39423388175	f2a25b77ecc2d7d1f07eec63c639185e								syn64769032
file				4720-SR-1_S14_L005_R2_001.fastq.gz			37106077613	b44bb5f1ec900ba2d9f62e4687f9fce6								syn64769115
file				4954-SR-1_S01_L005_R1_001.fastq.gz			53458111221	6995c4160694d2efde263e258c6175ac								syn64769211
file				4954-SR-1_S01_L005_R2_001.fastq.gz			50290552965	023ddb3a1b837d24856d98b86e5e2bc7								syn64769286
file				4991-SR-1_S01_L005_R1_001.fastq.gz			51225665597	065b0447790ce3996e2607ae8e8e4397								syn64769396
file				4991-SR-1_S01_L005_R2_001.fastq.gz			45084178791	059de5d3b7323bf2d0be41760a732b88								syn64769495
file				5091-SR-1_S01_L005_R1_001.fastq.gz			25654189566	37fd6c71a2991c9e96b25d729601bb08								syn64769546
file				5385-SR-1_S01_L005_R1_001.fastq.gz			22257852407	75d8442a8f3c3b4f1ddc68aad65b4229								syn64769790
file				5385-SR-3_S01_L005_R1_001.fastq.gz			23284481516	7c026b9899f74770a8cd025ee09ffa5d								syn64769849
file				5385-SR-3_S01_L005_R2_001.fastq.gz			20635557826	1a5412f1ea582d90e1bd9095b6da28d3								syn64769877
file				6011-SR-11_S1_L005_R1_001.fastq.gz			20220341478	456ea0bd16eea7ef7a16e9b09ba84455								syn64770550
file				6011-SR-12_S1_L005_R1_001.fastq.gz			19636594217	fc18d4254de1ba22b7272ca482e982ab								syn64770593
file				6011-SR-1_S1_L005_R1_001.fastq.gz			31736686268	3841f81ca3d767a7811b1945e8937680								syn64770654
file				6011-SR-1_S1_L005_R2_001.fastq.gz			28464782373	80e73c2053c2b57339dd5a4c3c269420								syn64770677
file				6011-SR-2_S1_L005_R1_001.fastq.gz			26298510427	3c048bd4474a07de1efa71edf275b914								syn64770700
file				6011-SR-2_S1_L005_R2_001.fastq.gz			23652990195	4f63510a923c85a87a966d284b1e00dd								syn64770716
file				6011-SR-6_S1_L005_R1_001.fastq.gz			32109607234	7cc659ee1ab7146029b1a522d04a37a6								syn64770737
file				6011-SR-6_S1_L005_R2_001.fastq.gz			28088608322	6222fd29c0f66392c595ff073c4263be								syn64770761
file				6011-SR-9_S1_L005_R1_001.fastq.gz			33071474014	3b548abf4f071a4e6a701ac2d8cbc558								syn64770783
file				6011-SR-9_S1_L005_R2_001.fastq.gz			29775066698	8bb905f5077ca2f48f9e9cd2843d9517								syn64770802
file				6091-SR-2_S1_L005_R2_001.fastq.gz			23164943562	38880220567791153d43d4323a5c7a2e								syn64770874
file				43140_CRC-PM1_S0_L002_R1_001.fastq.gz			30757179199	2e960fb4cacf811529e3fb3d4c8989f9								syn64772743
file				43140_CRC-PM1_S0_L002_R2_001.fastq.gz			24809389986	1ec231def449b9a75722803eeb14c190								syn64772751
file				EXP220705GM_0000399184_S5_L001_R1_001.fastq.gz			31974602122	d41fade1979cfa50eb689b911eace9ac								syn68501571
file				EXP220705GM_0000399184_S5_L001_R2_001.fastq.gz			28697292669	012e120dfe786dabc339eac769f6206b								syn68501595
file				SCL240212GM_0000446973_S27_R2_001.fastq.gz			23254579781	06b232cc9fc92f33af213a790b186958								syn68502155
file				SCL240212GM_0000447034_S29_R2_001.fastq.gz			22922848137	1764b2b642b73750feec0ec923dd40d6								syn68502251
file				H_YZ-1199-07_BM_METFORMIN-lib1_S2_L003_R1_001.fastq.gz			37424292671	b10ad0582ef4e817cb0067cea0755994								syn64587546
file				H_YZ-1199-07p10_S9_L003_R1_001.fastq.gz			19699790572	72aca528bd130f417b747a7b804247ff								syn64588001
file				H_YZ-1199-08p9_S2_L003_R1_001.fastq.gz			21075461788	f1871447693d65a1a94f40ce6f6d1746								syn64587856
file				H_YZ-1239-1451-06-lib1_S5_L001_R1_001.fastq.gz			55978676279	8825c00f066366cdf69d53e589f4793c								syn64587751
file				H_YZ-1239-1451-07-lib1_S3_L001_R1_001.fastq.gz			50089935059	6dfa99cedd96509712603a1c0bca7941								syn64587468
file				H_YZ-1265-1265_S1_L003_R1_001.fastq.gz			22063167963	99d3ba08606551ebb1ddb6ef90a3edae								syn64587664
file				H_YZ-1294-1294_S7_L003_R1_001.fastq.gz			23677892706	535efc43532e493e87ba83edc3f1622f								syn64587981
file				H_YZ-1294-1294_S7_L004_R1_001.fastq.gz			23557151843	e4c8896ecc2765547f9b106755ff9c71								syn64587984
file				H_YZ-1332-1332_S3_L003_R1_001.fastq.gz			21756740003	289512fbc78a0ae38745c0966e41077d								syn64587948
file				H_YZ-1332-1332_S3_L004_R1_001.fastq.gz			21646648578	da59a1e89dc4bba2a627d770c4a4b236								syn64587393
file				H_YZ-1372-1372_S8_L003_R1_001.fastq.gz			24690185404	ef01e5b454b3d0edd54fce86bf35ee30								syn64587405
file				H_YZ-1372-1372_S8_L004_R1_001.fastq.gz			24576130622	2149af2fe485cca4ebbdbcff613a1f32								syn64587929
file				H_YZ-1373-1373_S10_L003_R1_001.fastq.gz			23623129572	67e5aff44976eba247cc0165bc366b98								syn64587951
file				H_YZ-1373-1373_S10_L004_R1_001.fastq.gz			23519612924	3ba4df9c396bb520cc985ad37a0ca0ce								syn64587611
file				H_YZ-1525-07-lib1_S11_L004_R1_001.fastq.gz			47891139119	ad3cd3a50ed9ed13111b525ac9cf35e0								syn64587680
file				H_YZ-1526-07-1526-07-lib1_S3_L004_R1_001.fastq.gz			43888226584	070c504d7862f031e61817b4623ca4f5								syn64587671
file				TWDH-1199-07-BMTX_p20-lib1_S11_L003_R1_001.fastq.gz			49122846647	01e9e5f7b15a25502c53e5f38ffbf54f								syn64587682
file				TWDH-1199-08-BMTX_p14-lib1_S6_L003_R1_001.fastq.gz			43438739670	de00363d1aded90b48bb3a7966fb1be4								syn64587668
file				TWDH-1511-6-lib1_S3_S17_L004_R1_001.fastq.gz			38255296774	7c72187784eabc21d20ea6cfdc6e348a								syn64587575
file				TWDH-1511-7-lib1_S2_S13_L004_R1_001.fastq.gz			36951604576	fd866f0430033352d244e366051ce3c0								syn64587532
file				H_YZ-1073-07_S1_L001_R2_001.fastq.gz			27197867233	16a83fa1b694dccb34e642667dafc983								syn64587403
file				H_YZ-1199-07_BM_METFORMIN-lib1_S2_L003_R2_001.fastq.gz			36511834871	fe6c21be38ec3b02edaad0d2eb66aec6								syn64587516
file				H_YZ-1199-07p10_S9_L004_R2_001.fastq.gz			19122604281	d91966bd832532ea38cd66a400bc7c5c								syn64587410
file				H_YZ-1239-1451-06-lib1_S5_L001_R2_001.fastq.gz			57945178277	4deb92e3aed12626596ab51a8b737894								syn64587821
file				H_YZ-1239-1451-07-lib1_S3_L001_R2_001.fastq.gz			51488950109	f04fad5db3194dfa188324b25cad4458								syn64587387
file				H_YZ-1294-1294_S7_L003_R2_001.fastq.gz			23298745291	43e6784779b564d3faff362267a6f916								syn64587401
file				H_YZ-1294-1294_S7_L004_R2_001.fastq.gz			23292937356	423a8f0b34eb0c2f99e743f357435d6e								syn64587974
file				H_YZ-1332-1332_S3_L003_R2_001.fastq.gz			21253941982	c7fb23625262662bd8c04d22f7bc61d0								syn64587838
file				H_YZ-1332-1332_S3_L004_R2_001.fastq.gz			21250882355	e445c4d81ecadd4274aa9abc7cfa0882								syn64587870
file				H_YZ-1372-1372_S8_L003_R2_001.fastq.gz			24215322464	ca7a10bda5fa2d57b40caf46823fef58								syn64587767
file				H_YZ-1372-1372_S8_L004_R2_001.fastq.gz			24221346660	5d6005506d338a4e1640e8896ecf615e								syn64587939
file				H_YZ-1373-1373_S10_L003_R2_001.fastq.gz			23200419965	c005125c62138fa033c489d9e8f7555b								syn64587366
file				H_YZ-1525-07-lib1_S11_L004_R2_001.fastq.gz			48761885260	a1cf9c3669ef388c8a75127a2c1bfd4a								syn64587681
file				H_YZ-1526-07-1526-07-lib1_S3_L004_R2_001.fastq.gz			45831202983	30d9b30d3b61e8f2ce218474e5bfab38								syn64587673
file				H_YZ-762-07_BM_METFORMIN-lib1_S1_L003_R2_001.fastq.gz			38226997941	c80c266d7bbfffdde574d97295a50bcd								syn64587572
file				H_YZ-762-07p11_S6_L004_R2_001.fastq.gz			18477293107	fe82e4b465bb905087500310cb0919a9								syn64587556
file				H_YZ-762-BRAF-MEK_Tx4wk-lib1_S2_L001_R2_001.fastq.gz			36978083290	348c1b23c24bbbd3c18ece4c09319db4								syn64587987
file				TWDH-1199-07-BMTX_p20-lib1_S11_L003_R2_001.fastq.gz			45568213228	9c95eda34270c8c1712673271d244569								syn64587672
file				TWDH-1199-08-BMTX_p14-lib1_S6_L003_R2_001.fastq.gz			40439289007	28d33ba868204cfdc01f87d6bf9d7246								syn64587626
file				TWDH-1511-6-lib1_S3_S17_L004_R2_001.fastq.gz			37357410855	66ce4120b9cacf23b1100b3b792946e1								syn64587545
file				TWDH-1511-7-lib1_S2_S13_L004_R2_001.fastq.gz			36507980909	763ad70f59ba1335ac7e64e51f13b481								syn64587525
file				HTA8_6025_001101_IGO_09685_2_S3_L001_R2_001.fastq.gz			13361532043	ecaaa168faa5fa33abeec14b09d1b219								syn61908773
file				HTA8_6025_002101_IGO_09685_3_S4_L001_R2_001.fastq.gz			12878861850	80139ad58e22e2ada1a8ce3dd9a0d64d								syn61908802
file				HTA8_6025_003101_IGO_09685_1_S2_L001_R2_001.fastq.gz			12979834082	5d030e500e92c7396b7e84ef77b07f15								syn61908847
file				HTA8_6029_001101_IGO_12437_171_S7_L003_R2_001.fastq.gz			12486935587	add2056ae262bd2ac64ce4d44bd63278								syn61909393
file				HTA8_6023_002101_IGO_09563_12_S12_L001_R1_001.fastq.gz			2698975281	dc65f0eb097c7de2b65533716cd83dfd								syn65660496
file				HTA8_5002_001101_IGO_10218_15_S15_L001_R1_001.fastq.gz			1613145414	dd6897b96d74c9e7cf7cf20a5ec44c06								syn64108824
file				3601_PM-1538_Ru1250e_IGO_12437_AB_7_S17_L001_R2_001.fastq.gz			18123811057	78357c0349c36cd2ba3b0697d8d743a8								syn68205307
file				SM-L123H_S7_L001_R2_001.fastq.gz			16373582825	537a35ff0b8f8b6ca00353f6f12e7437								syn51271246
file				SM-L123H_S7_L002_R2_001.fastq.gz			16409178340	6552963b49a9a830ae5f228ce400e6f9								syn51271250
file				SM-L123H_S7_L003_R2_001.fastq.gz			16358689504	a9b63d9efe4aaff68bf60d27b4f125ba								syn51271256
file				SM-L123H_S7_L004_R2_001.fastq.gz			16290596312	1632a8885b3ddeeed947a51c50ee913b								syn51271258
file				SM-L123I_S5_L001_R2_001.fastq.gz			12676584053	d312251e4583d10b9e5051bdf26d557b								syn51271477
file				SM-L123I_S5_L002_R2_001.fastq.gz			12676681903	291f2480ee16e5405b010ff295f4bf76								syn51271479
file				SM-L123I_S5_L004_R2_001.fastq.gz			12603286661	fbfe1c9f04c3e9b8b167ebca8a787bae								syn51271482
file				SM-L123J_S4_L001_R2_001.fastq.gz			14842014108	4aad17f692ed31f52c7a50da3b7ea4d3								syn51271292
file				SM-L123J_S4_L002_R2_001.fastq.gz			14850429030	0b54caf3613a98ef2d573604284c24df								syn51271293
file				SM-L123J_S4_L003_R2_001.fastq.gz			14789958325	f1542f8a5ab9ccce092bb8e85215db39								syn51271297
file				SM-L123J_S4_L004_R2_001.fastq.gz			14752000396	81e71ec3993daf9e500f7791da84006f								syn51271301
file				SM-L123K_S3_L001_R2_001.fastq.gz			18473245162	b46d506b4b3aecb3e9e7f2bbc4a5b440								syn51271440
file				SM-L123K_S3_L002_R2_001.fastq.gz			18498147128	5dd1c99b6aca3088ae2f304358cc4c2e								syn51271446
file				SM-L123K_S3_L003_R2_001.fastq.gz			18416295978	4ba7fdc80649d7e0d897ee4c8ccc7e8a								syn51271450
file				SM-L123K_S3_L004_R2_001.fastq.gz			18377350849	b826ae9cd3b289016f82b3a4e742ef52								syn51271454
file				SM-L123L_S1_L001_R2_001.fastq.gz			14363477006	15e65eac3da961fa2b6175df80746770								syn51271384
file				SM-L123L_S1_L002_R2_001.fastq.gz			14351929958	f2937c1b156047e5acb3306728ea7b0d								syn51271389
file				SM-L123L_S1_L003_R2_001.fastq.gz			14306836024	34d5709bec6ab7c9e22e6489efa1ed4a								syn51271393
file				SM-L123L_S1_L004_R2_001.fastq.gz			14281630697	fe98370ee67dc0551cd5e3f956313770								syn51271397
file				SM-L123M_S2_L001_R2_001.fastq.gz			15491773690	c9dec741682ee1eb91256de6c2f17ac6								syn51271364
file				SM-L123M_S2_L002_R2_001.fastq.gz			15526283912	1f26165e834ddf3d70adbb4fff11043c								syn51271368
file				SM-L123M_S2_L003_R2_001.fastq.gz			15442703779	19a0cbe93c2c1a68ffd241313a36ebbb								syn51271372
file				SM-L123M_S2_L004_R2_001.fastq.gz			15420228626	1f8d9b02ed4b0be1f15970a76846d556								syn51271376
file				SM-L123N_S9_L001_R2_001.fastq.gz			13191512555	0b210d3f7f64ab5d8e5b00a8f7c65fca								syn51271271
file				SM-L123N_S9_L002_R2_001.fastq.gz			13188472713	1a59b5fed9b0396c0417c09fdfab70b8								syn51271280
file				SM-L123N_S9_L004_R2_001.fastq.gz			13135051332	acc875be8cd146ad946f634ed87bd7d8								syn51271282
file				SM-L123O_S6_L001_R2_001.fastq.gz			17352189464	17d241be869c1b5f9613bdee9b3ad3fd								syn51271326
file				SM-L123O_S6_L002_R2_001.fastq.gz			17354061051	f39cf2dbdad77f60355681f48d075dcc								syn51271331
file				SM-L123O_S6_L003_R2_001.fastq.gz			17281344688	79be5f42ca8ca7ed0d96dbe28778dca0								syn51271338
file				SM-L123O_S6_L004_R2_001.fastq.gz			17256204823	9da0c2d84e2602965d7e5ed1faa572b0								syn51271337
file				HTA6_2494_1-L001_R2_001-190919_A00257_0187_BHG2GCDRXX.fastq.gz			21314510360	6bec8c0ab549e8e228d7e68b7fef92a9								syn64367507
file				HTA6_2494_1-L002_R2_001-190919_A00257_0187_BHG2GCDRXX.fastq.gz			22264008570	f0886161150659c993e2070ea310a15d								syn64367602
file				HTA6_2494_2-L001_R2_001-190919_A00257_0187_BHG2GCDRXX.fastq.gz			24355845849	2d52a51239867c8ca0c7b0b909991f80								syn64367668
file				HTA6_2494_2-L002_R2_001-190919_A00257_0187_BHG2GCDRXX.fastq.gz			25406602841	c990ba0d2262067eefb5163fea381308								syn64367689
file				HTA6_2495_1-L001_R2_001-200612_A00257_0392_AHLMCCDRXX.fastq.gz			19365948178	f04a8213d35628a297af40d704bf74c4								syn64367736
file				HTA6_2495_1-L002_R2_001-200612_A00257_0392_AHLMCCDRXX.fastq.gz			19383834973	e1e4144510fd7a56956738dad1848909								syn64367750
file				HTA6_2496_1-L001_R2_001-200612_A00257_0392_AHLMCCDRXX.fastq.gz			17316068431	7ba825053ac691ee5ccd359d1cfd4e0b								syn64367767
file				HTA6_2496_1-L002_R2_001-200612_A00257_0392_AHLMCCDRXX.fastq.gz			17323057564	384b465c8475c01b9d827afa0a799879								syn64367776
file				HTA6_2497_1-L002_R2_001-200612_A00257_0392_AHLMCCDRXX.fastq.gz			12351994248	bf271db926a45db01414630910170619								syn64367786
file				HTA6_2500_1-L001_R2_001-191203_A00509_0061_AHFT2JDRXX.fastq.gz			15395012673	32cbd58bf789467438b3306876ce7af9								syn64368101
file				HTA6_2500_1-L002_R2_001-191203_A00509_0061_AHFT2JDRXX.fastq.gz			15368232245	0ee318cb7bb0e2a009eb3d388d580c27								syn64368439
file				HTA6_2500_2-L001_R2_001-191203_A00509_0061_AHFT2JDRXX.fastq.gz			14663211279	316011107c6ca849de0adb6ed76d08c3								syn64368503
file				HTA6_2500_3-L001_R2_001-191203_A00509_0061_AHFT2JDRXX.fastq.gz			14618200375	ce2017a2c9dfe0c51ac6787814cf7f10								syn64369110
file				HTA6_2500_3-L002_R2_001-191203_A00509_0061_AHFT2JDRXX.fastq.gz			14592439423	d5a5835e21683dc0b3e6aad1811de6c5								syn64369120
file				HTA6_2502_3-L002_R2_001-210202_A00509_0195_AHWW3GDMXX-Genomics-West-SS-00000.fastq.gz			14535800619	9e553e36e89994933e00fb5377a9552a								syn64369215
file				HTA6_2503_2-L001_R2_001-210222_A00509_0201_AH2LJFDRXY-SFGF-West-SS-16701.fastq.gz			21144072016	3e4c186045bbcaa4784960fa811edf4d								syn64369300
file				HTA6_2503_2-L002_R2_001-210202_A00509_0195_AHWW3GDMXX-Genomics-West-SS-00000.fastq.gz			20973270047	1008b340d46a8bf1bf93a112ca98ea8b								syn64369324
file				HTA6_2503_2-L002_R2_001-210222_A00509_0201_AH2LJFDRXY-SFGF-West-SS-16701.fastq.gz			21231763580	af29aa3ef825c0650e5729eb56ee337f								syn64369328
file				HTA6_2507_1-L001_R2_001-220221_A00201R_0593_BH7G7FDMXY.fastq.gz			26744673090	d50d1875db6330179b14549cbd817874								syn64369455
file				HTA6_2507_1-L002_R2_001-220221_A00201R_0593_BH7G7FDMXY.fastq.gz			27431848606	9d3d9088eb02f92f37ac34897699f37f								syn64369473
file				HTA6_2508_1-L001_R1_001-220221_A00201R_0593_BH7G7FDMXY.fastq.gz			14411498505	cc8aa77fec13c8cba3b1e0c24e629f4c								syn64369480
file				HTA6_2508_1-L001_R2_001-220221_A00201R_0593_BH7G7FDMXY.fastq.gz			33770396028	3ef53b8d2fac9a3ba1439e35cbca0133								syn64369486
file				HTA6_2508_1-L002_R1_001-220221_A00201R_0593_BH7G7FDMXY.fastq.gz			14773394410	3df40e32d77064093fd272d14bf03bb9								syn64369492
file				HTA6_2508_1-L002_R2_001-220221_A00201R_0593_BH7G7FDMXY.fastq.gz			34665304083	0737b8bd2eefcc1cd77d86cdd7660bb6								syn64369499
file				HTA6_2508_2-L001_R1_001-220221_A00201R_0593_BH7G7FDMXY.fastq.gz			12316546633	f8dd9f66ceafab92c8a8e27487401b12								syn64369502
file				HTA6_2508_2-L001_R2_001-220221_A00201R_0593_BH7G7FDMXY.fastq.gz			27947679506	9a2f236c444013e33309de1c7602c973								syn64369509
file				HTA6_2508_2-L002_R1_001-220221_A00201R_0593_BH7G7FDMXY.fastq.gz			12661173510	914c5e6f4fc26e460890044f15f51452								syn64369513
file				HTA6_2508_2-L002_R2_001-220221_A00201R_0593_BH7G7FDMXY.fastq.gz			28755667386	55971ebea9355f01198d387f44f2cd18								syn64369515
file				HTA6_2509_1-L001_R2_001-220406_A00257_0807_AH3TJ3DRX2.fastq.gz			18442613808	50f62236e9386942ce3ade6535a604cb								syn64369520
file				HTA6_2509_1-L002_R2_001-220406_A00257_0807_AH3TJ3DRX2.fastq.gz			18554585305	5cf70c304436a6b8e6478e299ff59b93								syn64369540
file				Lau10096_S1_sample_alignments.bam			21524272616	78ed51c52bd8f0144b370dffe61c5b4c								syn52579000
file				Lau10096_S3_sample_alignments.bam			13091954900	ce0d50fe888fba6b84ab7d782174ccd8								syn52579005
file				Lau10096_S4_sample_alignments.bam			15238965312	c8a7b5dd74954a14b1b8c5607e1924ea								syn52579008
file				Lau10180_0001_S1_sample_alignments.bam			13162201156	9a08432fe231182a0cc20d43710879fc								syn52579011
file				4139-SR-1_S44_L001.bam			16036070935	62cabffa6cca7a84b81cdd75272c5773								syn64773054
file				4139-SR-3_S46_L001.bam			15831636054	6a4027fc7e71c4652c1181a3d61a4db5								syn64773062
file				4720-SR-1_S14_L005.bam			25893825372	a213bce80cd6211fc046f1c9bd22eb9e								syn64773083
file				4954-SR-1_S01_L005.bam			33516298049	7c7f9c0bd6b3abc00e3df56c725a6e10								syn64773084
file				4991-SR-1_S01_L005.bam			34260792427	4f45098efb5f2f2bcbf96ef8eedebaf7								syn64773105
file				5091-SR-1_S01_L005.bam			12635601555	74f4ac9adf8beaf352695b1e5bcab3d2								syn64773110
file				5385-SR-3_S01_L005.bam			13560535281	a451b13c779664bf83d21320dd6dce82								syn64773119
file				5474-SR-1_S1_L003.bam			14392446510	fa9cb7203b5e8efc470ac447fedfecd9								syn64773120
file				6011-SR-11_S1_L005.bam			14048181320	68abd52ade10cd08e510a806678acecf								syn64773127
file				6011-SR-12_S1_L005.bam			17482580239	56057689bc6d945d0f5b27b163b2d7f0								syn64773128
file				6011-SR-1_S1_L005.bam			21616296460	7deb5a495ba1ed7560871b23516ae1fa								syn64773129
file				6011-SR-2_S1_L005.bam			20231640449	2df511c7bd87cada87b6220c309c092e								syn64773137
file				6011-SR-6_S1_L005.bam			19571367658	a35a2dda65e2b7b9ad15379334d88fa1								syn64773138
file				6011-SR-9_S1_L005.bam			22110765359	95f1c02c7792559cb717ec20050e9d2b								syn64773141
file				6091-SR-1_S1_L005.bam			18859077832	7d14750cc225efe0db5ac90ea8526a91								syn64773146
file				6091-SR-2_S1_L005.bam			20577084550	210cbdc5b53d77b36611dd2645b5549d								syn64773147
file				6091-SR-3_S1_L005.bam			17998287321	5aa0d8c6cd4cda306ec6752b9b3301ff								syn64773150
file				6091-SR-4_S1_L005.bam			30228651766	55f69f27312a8f462893eec93ade19a5								syn64773151
file				6091-SR-5_S1_L005.bam			12498321085	ea15a5d0595391caaaee44ce28d314c1								syn64773152
file				43140_CRC-PM1_S0_L002.bam			21713367588	92891e1bdad2b35cf4d39dd3cef16982								syn64774568
file				0000368073.bam			32735290376	e61dcc5efba57ffb13edad25bb4633e9								syn68502402
file				0000368115.bam			14569718583	c9e0351856942c21a0357094e4ed1c17								syn68502536
file				0000382613.bam			24291867941	95c301a36929e8eb158b95807be43757								syn68502566
file				0000382750.bam			33451287297	05917d3e94de9afc5398a356cf5d843d								syn68502613
file				0000382840.bam			23044641465	221f758b59a860944e731a5cdb256e03								syn68502666
file				0000382888.bam			20514916425	c1f2642acf5aac29a4109f03b9784959								syn68502879
file				0000394766.bam			14115862393	b11a9cde3f6a1d70dd5f8788a5dbd86a								syn68502891
file				0000399184.bam			27214104461	a8f01383565b80cfc755f3820d1ee008								syn68502926
file				0000434407.bam			28164482692	eeb73febdcbdbd72c5262d377eab82c9								syn68502981
file				0000446973.bam			27441512024	34994801a06edb2b297bf8d718778773								syn68503040
file				0000447034.bam			27359061858	ffe13dd25e93574d26a9efefa149b278								syn68503060
file				HTA8_6001_001101_Aligned.out.bam			19583991127	4f47bf4a0294b195e05c5ad06687fb44								syn61905341
file				HTA8_6001_002101_Aligned.out.bam			23757398781	795d131ce91c9823a26550c8f73dbe3f								syn61905446
file				HTA8_6001_003101_Aligned.out.bam			22887863446	e932cb3a70cb42ba5b0dcceee946d1fa								syn61905554
file				HTA8_6002_001101_Aligned.out.bam			18448799183	ba0c463c9ded94835e90ab095d4c2177								syn61905614
file				HTA8_6002_002101_Aligned.out.bam			17254032490	2e6de23eaee87129aad4ce921e4e52ec								syn61905669
file				HTA8_6002_003101_Aligned.out.bam			18110266995	a610de13a0ad1754f119be4dfe311855								syn61905717
file				HTA8_6003_001101_Aligned.out.bam			19272090317	62459df80afa44965fb3d1403dfe0726								syn61905778
file				HTA8_6003_002101_Aligned.out.bam			17955197659	28ba75bb4af4ed73f18b450ca9afd6d7								syn61905834
file				HTA8_6004_001101_Aligned.out.bam			23443803618	556f797f5b97a6674d1cc3f2e31e7ece								syn61905901
file				HTA8_6005_001101_Aligned.out.bam			21858212315	5081bde0fcddc2001401abfc0c2e5400								syn61905963
file				HTA8_6005_002101_Aligned.out.bam			14343702097	c98040a625a6dbf5ab20470711c0a5dd								syn61905998
file				HTA8_6006_001101_Aligned.out.bam			19759088945	84713f8ce5e4ca1e2f0cbb345321e8b7								syn61906058
file				HTA8_6006_002101_Aligned.out.bam			21829939726	bfc03682a10523f850dc84815299ce3d								syn61906123
file				HTA8_6006_003101_Aligned.out.bam			19615434320	21605669a9444d3346f61fa67c927760								syn61906205
file				HTA8_6006_004101_Aligned.out.bam			17073148058	a9e579006ea3dedfec0ecbd524d216fc								syn61906283
file				HTA8_6007_001101_Aligned.out.bam			20681605773	0c231cef270e89c77e0dc3f0d838b96f								syn61906357
file				HTA8_6007_002101_Aligned.out.bam			16295383466	97b9e30290eb42688b8950fd5ee639da								syn61906397
file				HTA8_6007_003101_Aligned.out.bam			18537292666	9474518214e38d7106c17d585af61d6a								syn61906480
file				HTA8_6008_001101_Aligned.out.bam			20332237496	a28e7dfc6b6dbf739ff5d37849bcc8b8								syn61906550
file				HTA8_6008_002101_Aligned.out.bam			19463163715	edbc9f171b55319ac6505b7b6e2e1f28								syn61906618
file				HTA8_6010_004101_Aligned.out.bam			26231393184	03ccbd1734f7201876eb9ab95fa2c972								syn61907001
file				HTA8_6011_001101_Aligned.out.bam			19924645626	f589df42bdc4fc2f892b53dedb27e2af								syn61907125
file				HTA8_6011_002101_Aligned.out.bam			17773362832	4c536a7ebcbded278f2537a64e13d051								syn61907192
file				HTA8_6011_003101_Aligned.out.bam			13723967854	e8779f0c08b0b8cc441b75bbb7941d89								syn61907246
file				HTA8_6012_001101_Aligned.out.bam			21994498464	2f06611685d91d967448dbc272c6b9bb								syn61907365
file				HTA8_6012_002101_Aligned.out.bam			19751744070	a8c06c2a0d467021e2e6d8f38f5e0762								syn61907443
file				HTA8_6012_003101_Aligned.out.bam			22455991593	5a0002b89119bbcea851b8db43cea637								syn61907522
file				HTA8_6013_001101_Aligned.out.bam			17578888922	49eb7eaf7c0119cadaf4fd714fbfde3f								syn61907592
file				HTA8_6013_002101_Aligned.out.bam			18004143999	b26f00137db1bf60a806cee699269f7e								syn61907685
file				HTA8_6013_003101_Aligned.out.bam			18599791636	c8bfecde2b761ec26a66f5352880124c								syn61907744
file				HTA8_6014_001101_Aligned.out.bam			16716496368	a0904659099ffabf6f88c19395b5fcca								syn61907795
file				HTA8_6014_002101_Aligned.out.bam			16880079491	6a6dd7c57cbee4a572e931811ffe4110								syn61907858
file				HTA8_6015_001101_Aligned.out.bam			20646045258	0e7e9ceb803c88be56441b6c9c9d950b								syn61907941
file				HTA8_6015_002101_Aligned.out.bam			18457969023	ddedeecc5196a30b9c27865dd77d04ca								syn61908034
file				HTA8_6016_001101_Aligned.out.bam			22200197898	a0230ba0182d023ee02367a19cf16379								syn61908126
file				HTA8_6016_002101_Aligned.out.bam			22911591056	13f863bfe153ec53e57c956a8ef1e95e								syn61908176
file				HTA8_6016_003101_Aligned.out.bam			24491587999	e5d50d81ef83cf9db7104dbc047122ff								syn61908246
file				HTA8_6017_001101_Aligned.out.bam			20351445928	ef797d1e180ac6cdf7f806867e95f1bf								syn61908316
file				HTA8_6017_002101_Aligned.out.bam			19971256550	ac1049c8ffa24984e63d51ef619d5092								syn61908393
file				HTA8_6017_003101_Aligned.out.bam			18882197724	6e8741d5c19e680ce6fbf0776d1fda96								syn61908439
file				HTA8_6017_004101_Aligned.out.bam			25325541095	e1db472842af826a96e510914684f963								syn61908518
file				HTA8_6018_001101_Aligned.out.bam			23183660386	c54a84a960db2cac8920406340f789df								syn61908593
file				HTA8_6018_002101_Aligned.out.bam			23489664889	0fed9f21c5af2f5e17d0a90105e1f5e5								syn61908688
file				HTA8_6018_003101_Aligned.out.bam			22938275857	ab2e5ef65070aff1ca9fd0b0849d00a1								syn61908800
file				HTA8_6019_001101_Aligned.out.bam			21065107339	65f7ea524fc58184104be67c2ca899ad								syn61908861
file				HTA8_6019_002101_Aligned.out.bam			19027173011	1c892afaf1a6d54ebf12e36f5285460e								syn61908929
file				HTA8_6019_003101_Aligned.out.bam			19117484004	3834d7d10f0e1ae3bbd46d926b3abd4f								syn61909018
file				HTA8_6020_001101_Aligned.out.bam			21851902563	48b40d2290c07f3b102cf8230c1fa4aa								syn61909092
file				HTA8_6020_002101_Aligned.out.bam			24292570988	322188101b4690fd19c7b1771a486e05								syn61909150
file				HTA8_6020_003101_Aligned.out.bam			19298124603	9c7c485cfeb9caf688eff8ee8bbfe537								syn61909206
file				HTA8_6021_001101_Aligned.out.bam			26003266566	80516f13546faab516f40cca8a600fc1								syn61909262
file				HTA8_6021_002101_Aligned.out.bam			31697039360	6c83828febfe9be27cc6c93579a998f2								syn61909352
file				HTA8_6022_001101_Aligned.out.bam			18720142053	1c1f45484d84a507b99eb4ba00cd9a6e								syn61909398
file				HTA8_6022_002101_Aligned.out.bam			20824075671	2f2289b3ccb5352574ac74ed039dae39								syn61909478
file				HTA8_6022_003101_Aligned.out.bam			22743234956	22a4ea258abe81ec6ef9780aca17ce94								syn61909542
file				HTA8_6022_004101_Aligned.out.bam			18132317287	761155cdf0b8e74c16f92e03e204eee8								syn61909586
file				HTA8_6023_001101_Aligned.out.bam			20278163469	ae082793f92a2d8800f7c1a045e8fa79								syn61909623
file				HTA8_6023_002101_Aligned.out.bam			21389020437	3486a33b98933d185451977d09be2852								syn61909681
file				HTA8_6023_003101_Aligned.out.bam			21548497310	d6ed466f335cfb1dbc902ef3f3c04edc								syn61909757
file				HTA8_6023_004101_Aligned.out.bam			24255448270	3c6db4e948206d973874d03e3db97519								syn61909867
file				HTA8_6024_001101_Aligned.out.bam			18317417600	a493f99e2e4f7b32eefc708eddb36c05								syn61909922
file				HTA8_6024_002101_Aligned.out.bam			22583802467	17b5596b23f1f5d5e289a09edc436174								syn61909965
file				HTA8_6024_003101_Aligned.out.bam			22842458005	b58f8a1e073412302b067ea8e48d3720								syn61910012
file				HTA8_6025_001101_Aligned.out.bam			24529700795	704dd49553191278715958fc114863d5								syn61910051
file				HTA8_6025_002101_Aligned.out.bam			23399243181	6a2882a82e20c364c196be9e55c22dba								syn61910095
file				HTA8_6025_003101_Aligned.out.bam			23526571963	78e074df7fd16d7f8ee2b56202abe33c								syn61910129
file				HTA8_6026_001101_Aligned.out.bam			24421701319	7dfd4ceb1421e0b5ed2feaf1c53ee9b7								syn61910178
file				HTA8_6026_002101_Aligned.out.bam			23294700665	900e4ce0adde135da0199a2f9d09b219								syn61910227
file				HTA8_6026_003101_Aligned.out.bam			21762664610	d3e5b8b3732c1be3d1995476b24ca38a								syn61910271
file				HTA8_6027_001101_Aligned.out.bam			19412394024	7f03e2f60884ca082f7edbdb9c4485d6								syn61910309
file				HTA8_6027_002101_Aligned.out.bam			20561558431	eb3f3d174a1585348719ef732a699400								syn61910347
file				HTA8_6027_003101_Aligned.out.bam			23881187734	81813ff349744f4c847c34e09bdedd38								syn61910396
file				HTA8_6028_001101_Aligned.out.bam			18176947259	9da7c6a8c0cf5067b791f6656f1bd5d6								syn61910440
file				HTA8_6028_002101_Aligned.out.bam			21756344934	d100234cfec882732262186089d770f6								syn61910481
file				HTA8_6028_003101_Aligned.out.bam			20825899003	5fc53524c1f82949a3057ea86c9109b3								syn61910512
file				HTA8_6029_001101_Aligned.out.bam			23134098676	f02f59d07bcf07776cc3b0d1168e4ba8								syn61910586
file				HTA8_6029_002101_Aligned.out.bam			33325295388	7947780b6072d87556d8f3fc4a22fe2c								syn61910628
file				HTA8_5001_003201_IGO_10299_20_Aligned.out.bam			12504804569	968d8d34d27b6faa2c73fcd8e69cc6d4								syn64109308
file				HTA8_5001_004201_IGO_10299_22_Aligned.out.bam			12694945879	d1f56b952ed8bf4d089a917ff66f3c6f								syn64109579
file				HTA8_5001_007401_IGO_10218_12_Aligned.out.bam			13702429396	f35673c668b2f1b2387c033eaddfacf4								syn64109403
file				HTA8_5001_009101_IGO_10682_13_Aligned.out.bam			17350215356	43f7c193f7fdaa1fd4cbc41ca8c2bd4f								syn64109286
file				HTA8_5001_009201_IGO_10682_14_Aligned.out.bam			17126233807	2347f639a028418d0f37bb3269f563ce								syn64109327
file				HTA8_5001_009401_IGO_10587_22_Aligned.out.bam			13255531185	f2203699159fe6ffe4fe0f7c1ef608c0								syn64109684
file				HTA8_5001_010201_IGO_10299_12_Aligned.out.bam			12676937286	d5a63ac35d2fa93ba153e668dee8058d								syn64109523
file				HTA8_5002_001101_IGO_10218_15_Aligned.out.bam			12808013381	ff323668b3dd19ceec9806d512f2eb53								syn64109290
file				HTA8_5002_001201_IGO_10218_14_Aligned.out.bam			12980289306	f20c46c0718a3968fe02a54deec756f1								syn64109319
file				HTA8_5002_003201_IGO_10218_17_Aligned.out.bam			12282506486	0c6aad4949b4cbb71bbe0b3953de0a2b								syn64109624
file				1178_RU1171a_P95_IGO_09902_18_Aligned.out.bam			18552767881	dbe44b7629686a770eb0e1abc068ced9								syn68204983
file				1183_Ru1173_P96_IGO_09902_19_Aligned.out.bam			18564121739	62bbd659b9b8c2a47dc7c8a416da9b9a								syn68204992
file				1184_Ru1173_bam_fresh_P96_IGO_09902_20_Aligned.out.bam			19350601536	c74345ded8850dbdece44d4ab4ec8b91								syn68205018
file				1327_Ru1202A_1SM_P96_IGO_10128_1_Aligned.out.bam			18072713427	8a4d1717b014ef52fe7f0e0856dc38c4								syn68205049
file				1561_1264_P96_IGO_10317_20_Aligned.out.bam			18891683473	265237d9a913f97fde78981914c25841								syn68205071
file				1575_Ru1281A_IGO_10414_12_Aligned.out.bam			14940884097	ac7161f554af406af7a72f30a27c0f36								syn68205077
file				1609_Ru581D_IGO_10414_17_Aligned.out.bam			17898848381	d92544cc0dd1616b3f194c0ec34fef77								syn68205098
file				1615_Ru1287A_IGO_10414_18_Aligned.out.bam			16462325462	806e9b946453e36153b6856eb1d1fcef								syn68205158
file				1637_Ru1250C_T_1_IGO_10298_B_35_Aligned.out.bam			22377372255	6270a58670678c27b6bac54d52e646cc								syn68205230
file				1665_Ru581B_Bam_IGO_10414_15_Aligned.out.bam			15899446068	17456d8302e7592d723c1bda528a9b23								syn68205286
file				1666_Ru581C_Bam_IGO_10414_16_Aligned.out.bam			14520528892	31b2d233f44d413890d981dc851248e1								syn68205292
file				1675_Ru1303A_T_1_IGO_10506_2_Aligned.out.bam			19496705483	3db3eeed8c5c2cc51509f23f07cab234								syn68205303
file				1682_Ru1304A_PL_1_IGO_10506_3_Aligned.out.bam			22540724974	c846616e3572c5f60c285fd3b0ac0d03								syn68205313
file				1683_Ru1305A_LI_1_IGO_10506_4_Aligned.out.bam			22756120296	c97dcb8febf86a5b33a51bbd97bad93d								syn68205586
file				1714_Ru1304B_PL_t2_1_IGO_10519_1_Aligned.out.bam			20912490328	d30132237b0c2c156f58f8732583cc09								syn68205601
file				1715_Ru1314A_T_1_IGO_10519_2_Aligned.out.bam			19857523598	eb7d1bccb86edefd667111daeccbdb84								syn68205735
file				1717_Ru1303B_LN_t2_1_IGO_10519_4_Aligned.out.bam			20412033974	f2d79faf61f4dff9f30fbbe9bbcf8a1b								syn68206625
file				1816_Ru1083_IGO_10837_11_Aligned.out.bam			17083207266	59646d2eb34d073c270b92f339c96f96								syn68207414
file				1960_Ru831PDX_IGO_11175_23_Aligned.out.bam			15820711514	2bebe8c83dcc1151fadf12ae377947e2								syn68208017
file				1961_Ru1042PDX_IGO_11247_5_Aligned.out.bam			20761126853	e945dec799bf04166c17ea2546e10e31								syn68208320
file				1964_Ru1250D_T_1_IGO_11247_7_Aligned.out.bam			17634166829	770eca5212c62f911ff74e0b1dd41021								syn68208329
file				2211_Ru1444A_LN_1_IGO_11554_18_Aligned.out.bam			12765260215	a9fb87882441983612f7acbcccb75e23								syn68208334
file				2231_POSIE_101320_BM_1_re_IGO_11499_33_Aligned.out.bam			21839289062	e63b8dbc40db2912d4df8d254ba9e009								syn68208360
file				2265_Ru222b_T_1_IGO_11589_3_Aligned.out.bam			21052757505	5648aba3b6736e413b410ed8e4e90f81								syn68208370
file				2266_Ru1360b_CNS_2_IGO_11589_4_Aligned.out.bam			20942743686	1b4a1192f333987d77ac04d552b2004d								syn68208378
file				2520_Ru1518a_T_1_IGO_11874_47_Aligned.out.bam			24226305919	b15cfc5625076920d17eebe5385cafe0								syn68208386
file				2597_Ru942B_IGO_12065_47_Aligned.out.bam			23532803196	90e92d60e0fda50bf4a0f8f88cb7c1ab								syn68208396
file				2615_Ru1173d_LN_2_IGO_12065_56_Aligned.out.bam			21383448873	5a9a8bacd13e3d0b9b4e9a8bd7ce2ffd								syn68208399
file				2634_Ru1405B_IGO_12068_21_Aligned.out.bam			18431150809	405cdb77fd2ec029f41847006a359198								syn68208404
file				2830_MSK_LX_1250b_PM_1_IGO_12194_27_Aligned.out.bam			23864676793	50fd3e1f03439b2bd48bc1eeb5f9c268								syn68208408
file				2839_MSK_LX_1083c_T_2_IGO_12194_36_Aligned.out.bam			18747396708	e187da864fea87b68fae6cb54ec6e24e								syn68208410
file				2892_MSK_LX_1414C_IGO_12253_45_Aligned.out.bam			24423985095	0e84332c2d113aa278c78744e500532a								syn68208417
file				2924_MSK_LX_222C_T_2_IGO_12317_44_Aligned.out.bam			12716272443	1251c200653690e92602cfdc01e23c2f								syn68208420
file				3318_AV-1383_Ru942C_IGO_12437_J_5_Aligned.out.bam			22780618875	98517d7c4e05f669efa5360254023590								syn68208430
file				3323_AV-1382_Ru1676A_IGO_12437_J_6_Aligned.out.bam			19580084707	5cd5d9686332e34dd615f646df9c1e57								syn68208441
file				3601_PM-1538_Ru1250e_IGO_12437_AB_7_Aligned.out.bam			30820724110	3423f6eae7847abfc4bc5ff0152a3295								syn68208472
file				3616_PM-1548_Ru1083d_IGO_12437_AC_12_Aligned.out.bam			14511194442	205681040bb1daa7ec5351b2ebe65e4b								syn68208482
file				3762_AV-1648_MSK_LX_1250f_IGO_12437_AJ_19_Aligned.out.bam			32413496777	5c8a310a7e92043296878801d4a391b7								syn68208529
file				3831_AV-1677_MSK_LX_1303j_IGO_12437_AO_30_Aligned.out.bam			29139631384	e261f486ccd39cad09f45b96a8839a35								syn68208535
file				4329_AV-1969_Lx1518_IGO_12437_BN_36_Aligned.out.bam			25503318502	9d8cce87b241209e291451cdf26b5096								syn68208562
file				4330_AV-1969_Lx1676_IGO_12437_BN_37_Aligned.out.bam			24897216494	0a9440f36341f477bddeba84850e0960								syn68208572
file				4332_AV-1970_Lx226b_IGO_12437_BN_41_Aligned.out.bam			27862789755	0b8b1e67359ad08616f68ab173a8c27d								syn68208581
file				4334_AV-1970_Lx773c_IGO_12437_BN_40_Aligned.out.bam			24355315542	eee4be9b544bb3a66087f4e7d5fa8f8c								syn68208591
file				4335_AV-1973_Lx1305B_IGO_12437_BN_42_Aligned.out.bam			31293525592	a9f1ec68b7e79351d0086cce9144a347								syn68208611
file				Pleural_fluid_CD45minus_plus_Aligned.out.bam			21009177049	a8d5960c171a3be3f7ebe080e7d14dba								syn68208616
file				RU151_Aligned.out.bam			15869444107	552a5e4497bdd8a215c67847a2ed6dee								syn68208623
file				Ru263_Aligned.out.bam			23160711371	5946f2d04d4e09ad57612c53b64eea1e								syn68208631
file				Ru871_Aligned.out.bam			25188674878	67ba1e4b02c3b6f0f865889aca815c16								syn68208636
file				Rus81b-tumor_1_Aligned.out.bam			21646812851	d8fb6623d92a51fa0408a4d7c50f5614								syn68208644
file				Rus81b-tumor_2_Aligned.out.bam			20596235580	7b837172a6dfb3bbfdb4de330df482ea								syn68208648
file				Rus81c-LN_1_Aligned.out.bam			22317646691	f826a5666c6591a792f371996a41990e								syn68208652
file				Rus81c-LN_2_Aligned.out.bam			23204560995	2df20ed7461d1611c9a3ec8412cdb46f								syn68208659
file				SM-L128J_possorted_genome_bam.bam			17752988645	2a6f68f51a24b90e88e43643a454adb0								syn68646388
file				SM-L123O_possorted_genome_bam.bam			81297365329	3089f4ca148c754148924a8ec8f293fa								syn68646571
file				SM-L123P_possorted_genome_bam.bam			24950596722	ef9f0f68b67d4fbf10c1d2536d8bb880								syn68647625
file				SM-L1287_possorted_genome_bam.bam			40064102885	9c3a01dc2faf6723b76165b8f4a17429								syn68689732
file				HTA6_2494_1-possorted_genome_bam.bam			50902946916	b4224d3ccba4d7334886c920ea447f08								syn64371547
file				HTA6_2494_2-possorted_genome_bam.bam			57533563777	f610d4a4bfb9295400f110ea4e544191								syn64371552
file				HTA6_2495_1-possorted_genome_bam.bam			46824750047	9f2d38764c7d126059e5d2568c9910dc								syn64371553
file				HTA6_2496_1-possorted_genome_bam.bam			40138458934	46228726354d7a82d1003a0825be7be1								syn64371557
file				HTA6_2497_1-possorted_genome_bam.bam			28882115740	abca6943e96a01c934da12c043266040								syn64371558
file				HTA6_2498_1-possorted_genome_bam.bam			18587157605	794d11f3820e2eaa416465dfaa391974								syn64371559
file				HTA6_2498_2-possorted_genome_bam.bam			47926418401	f317c57940a0591804a58d94a453620d								syn64371560
file				HTA6_2499_1-possorted_genome_bam.bam			43986991046	4fe662e90697d23535eb55fba743d94d								syn64371585
file				HTA6_2500_1-possorted_genome_bam.bam			43027171844	a77cea5aa12eb0093c517b97d42aa750								syn64371586
file				HTA6_2500_2-possorted_genome_bam.bam			42101286705	ba7a0421be1a117d112e8abc673c5440								syn64371587
file				HTA6_2500_3-possorted_genome_bam.bam			41044440093	11bbb83db61dbbc8794427033e82650b								syn64371598
file				HTA6_2502_1-possorted_genome_bam.bam			13951353404	297b46af44a1d101646ab0b9d1967007								syn64371603
file				HTA6_2502_2-possorted_genome_bam.bam			14450465965	c3a593759222ff52f97a67b728255b4d								syn64371604
file				HTA6_2502_3-possorted_genome_bam.bam			37128739674	4fa12bcefd435b0f29c9845889850a36								syn64371608
file				HTA6_2503_1-possorted_genome_bam.bam			17659083814	1607a0b5087821ff8c65027564d948fa								syn64371610
file				HTA6_2503_2-possorted_genome_bam.bam			79216198420	4be8c6bed1012008acef994c43a14be9								syn64371629
file				HTA6_2504_1-possorted_genome_bam.bam			23038271191	ec6d1ecae7303f881a508f8fea1c872a								syn64371632
file				HTA6_2504_2-possorted_genome_bam.bam			39058240466	3a2ecdae15cb83a91391c5f873d6cd5d								syn64371636
file				HTA6_2505_1-possorted_genome_bam.bam			24442386359	456ab09d402c435647e40ef4b6356642								syn64371638
file				HTA6_2505_2-possorted_genome_bam.bam			27430088785	f2709eeb97e939381a23ad73cbcd8cd2								syn64371639
file				HTA6_2506_1-possorted_genome_bam.bam			27684520245	2f7f6ca8a4542ef4e2ee123e63fe9356								syn64371644
file				HTA6_2506_2-possorted_genome_bam.bam			28237536371	d78d349e40789cf85b40239bc66c377b								syn64371654
file				HTA6_2507_1-possorted_genome_bam.bam			66317778044	a4efede8b452a1cb085817b83da6a70d								syn64371662
file				HTA6_2508_1-possorted_genome_bam.bam			82018602726	b1906a6189d5ba210e63b3ee19bba046								syn64371671
file				HTA6_2508_2-possorted_genome_bam.bam			68312126590	2bc6380c3d9e591d2cdbcff27585d30c								syn64371679
file				HTA6_2509_1-possorted_genome_bam.bam			48288316980	851cd7ffc447cbfee740a745e2d8e075								syn64371688
file				HTA9_14_070_A_C145_S1297_L004_R1_001.fastq.gz			7965269	6c99c709a9ce0a53b3fe75bc3fe3e6b1								syn31548059
file				HTA9_14_070_A_C244_S1396_L004_R1_001.fastq.gz			10357861	3d236b587f96ac6b31b5f27ef8fa1d1e								syn31548192
file				HTA9_14_070_A_C344_S1496_L004_R1_001.fastq.gz			9833180	42b75f6af74a4f61fade4eac66b95c65								syn31548335
file				HTA9_14_070_A_C91_S1243_L004_R1_001.fastq.gz			11104737	ee7437b10f80811d34681232d669657f								syn31548427
file				HTA9_14_077_LCM_C32_S1616_L004_R1_001.fastq.gz			18143535	37dd4c679528a9994fb44a6289053f1f								syn31548460
file				HTA9_14_078_A_C253_S1021_L003_R1_001.fastq.gz			11833219	4e39ea01867bd421317317cc234b8993								syn31548709
file				HTA9_14_078_A_C329_S1097_L003_R1_001.fastq.gz			10268134	83431f1d70b4e93c7b22370d40550ce7								syn31548832
file				HTA9_14_078_A_C336_S1104_L003_R1_001.fastq.gz			20258722	947b6f5faa36e042b22a8ad76c4f219c								syn31548849
file				HTA9_14_078_A_C344_S1112_L003_R1_001.fastq.gz			10307568	53462ea46988fd3c377271aacdb71b1a								syn31548854
file				HTA9_14_078_D_C358_S1126_L003_R1_001.fastq.gz			8443957	edf858ceb35510c5b921a6c293243250								syn31548954
file				HTA9_14_078_D_C375_S1143_L003_R1_001.fastq.gz			9900841	4d88eab948927b108969c8b28ddbb624								syn31548959
file				HTA9_15_059_A_C160_S544_L002_R1_001.fastq.gz			10260208	96c4188331c7ea877e58e5c197801aa2								syn31548999
file				HTA9_15_059_D_C336_S720_L002_R1_001.fastq.gz			9854457	cc59a5f8ea4726aaf87c5f8332a53b62								syn31549174
file				HTA9_15_059_D_C349_S733_L002_R1_001.fastq.gz			7970316	993e56a200a3d3e99d0ad8f22d1448f2								syn31549179
file				HTA9_2_045_C77_S36_L001_R1_001.fastq.gz			13170536	1d25a4320823b8b317cbfb231248e8a4								syn26535928
file				HTA9_2_046_C20_S57_L003_R1_001.fastq.gz			54297402	1b5acf50e9a5c79c67eae879f711afaf								syn26536149
file				HTA9_2_046_C277_S314_L001_R1_001.fastq.gz			52395250	2544a2394cf399ac233239325bd3df6f								syn26536264
file				HTA9_2_056_C472_S88_L002_R1_001.fastq.gz			102841746	b16c972448342083a38a954d811ed283								syn26536614
file				HTA9_2_056_C589_S205_L002_R1_001.fastq.gz			58098249	5e7a01a1550f4c79afabf05f5f5ee672								syn26536719
file				HTA9_2_056_C627_S243_L002_R1_001.fastq.gz			130205253	91713aa2c99706ba15db0d77715ff221								syn26536786
file				HTA9_2_056_C659_S275_L002_R1_001.fastq.gz			71096605	b84fa130f1f1f643853506aa93e4a6dc								syn26536819
file				HTA9_3_1st_C19_S2827_L008_R1_001.fastq.gz			10471583	fa8f412495e12b92bc7886514c8f1484								syn26537005
file				HTA9_3_1st_C207_S3015_L008_R1_001.fastq.gz			56311567	60d1051216b437fb1596028e3f94cc1f								syn26537013
file				HTA9_3_1st_C336_S3144_L008_R1_001.fastq.gz			12195964	bbcccee995c16d8698419c59fd8d1ebd								syn26537090
file				HTA9_3_1st_C376_S3184_L008_R1_001.fastq.gz			39314912	9ff14d48253b2dc27fac03f78dc96c4b								syn26537111
file				HTA9_3_1st_C48_S2856_L008_R1_001.fastq.gz			12418272	652ef84f694c753ea4b27acc87e3eeef								syn26537113
file				HTA9_3_1st_C82_S2890_L008_R1_001.fastq.gz			8061066	2ba33bc592d6a42434afe80ea92c11d0								syn26537132
file				HTA9_3_2nd_C18_S786_L003_R1_001.fastq.gz			10472487	cb8dc57afc78d1484576483489e828fa								syn26537167
file				HTA9_3_2nd_C390_S1158_L003_R1_001.fastq.gz			12733502	3002104dc16f6fc8f439b072dc4e42a3								syn26537251
file				HTA9_3_2nd_C430_S1198_L003_R1_001.fastq.gz			44014305	229df0bd7bf997488394303a4e2eb86b								syn26537290
file				HTA9_3_2nd_C439_S1207_L003_R1_001.fastq.gz			11010304	fedb8ffa3cce40143896c51422ec3013								syn26537293
file				HTA9_3_2nd_C484_S1252_L003_R1_001.fastq.gz			24169932	eada3428ae374e59afc16a50c7562b2f								syn26537330
file				HTA9_3_2nd_C65_S833_L003_R1_001.fastq.gz			14895203	9229555f349c4cac2d858235296a44a5								syn26537341
file				HTA9_14_070_A_C198_S1350_R1_001.sort.markdup.bam			10969270	6c1d20b6bed4c6e9bb5c1698d44bb494								syn31547686
file				HTA9_14_070_A_C262_S1414_R1_001.sort.markdup.bam			18626201	c1d037139f65f2d2714817ffd67b56d0								syn31547757
file				HTA9_14_070_A_C322_S1474_R1_001.sort.markdup.bam			10322661	ce5e5f9fcbb157e1baaa4ac56e87d122								syn31547801
file				HTA9_14_070_A_C342_S1494_R1_001.sort.markdup.bam			8014478	76c96de9f077c3d2e13ea2b8e2e31027								syn31547809
file				HTA9_14_078_A_C141_S909_R1_001.sort.markdup.bam			73811503	e0b5cdc2eb9b428b78529b5c8b378073								syn31547931
file				HTA9_14_078_A_C341_S1109_R1_001.sort.markdup.bam			12709478	eded3a3f11d437f7e5d7e3f98b095c0a								syn31548247
file				HTA9_14_078_A_C35_S803_R1_001.sort.markdup.bam			10369225	0ffd104b8bd898f7d96ea09d9dc6a2a1								syn31548269
file				HTA9_14_078_A_C40_S808_R1_001.sort.markdup.bam			14713068	4d761a76e1ae1fc43c6e294a4c62ea99								syn31548276
file				HTA9_14_078_A_C63_S831_R1_001.sort.markdup.bam			62975329	b50042d242fab5d57b6ae74187f17660								syn31548319
file				HTA9_14_078_A_C67_S835_R1_001.sort.markdup.bam			9956595	aab6f3dff29824b76330ca029ec9d116								syn31548316
file				HTA9_14_078_D_C359_S1127_R1_001.sort.markdup.bam			14593295	e4c7ba193a407c53d9a77f310eba8b65								syn31548391
file				HTA9_15_059_A_C127_S511_R1_001.sort.markdup.bam			10423103	eb919c96f99caca9855c17e137ef242c								syn31548443
file				HTA9_15_059_A_C158_S542_R1_001.sort.markdup.bam			16746847	4a444102ddae660b04071b596d385285								syn31548487
file				HTA9_15_059_A_C240_S624_R1_001.sort.markdup.bam			16702814	8cc615cf601223287b087ae53f35ea56								syn31548633
file				HTA9_15_059_A_C39_S423_R1_001.sort.markdup.bam			67579670	cd196ba9c3bc895b3f9f44517ba90fb1								syn31548760
file				HTA9_15_059_A_C45_S429_R1_001.sort.markdup.bam			13247952	b78e258a073368394f8bb0ca26b8f8e9								syn31548754
file				HTA9_15_059_A_C80_S464_R1_001.sort.markdup.bam			10545680	327072bf57acbbf5c8b2c951d2f3348e								syn31548797
file				HTA9_2_55_C13_S13_R1_001.sort.bam			10839823	f981dd1a55ceac9ae29b73bbfadf5c87								syn26535996
file				HTA9_3_1st_C275_S3083_R1_001.sort.bam			10885013	ebe086d7bf15837b61c473cfb2cf5790								syn26536334
file				HTA9_3_1st_C336_S3144_R1_001.sort.bam			14249393	d56809955100bb5f159216e5bc4dcac7								syn26536429
file				HTA9_3_1st_C48_S2856_R1_001.sort.bam			14243558	a6ba9acbe3e6cf83a53c1de7a9d9e9a0								syn26536468
file				HTA9_3_2nd_C361_S1129_R1_001.sort.bam			52510461	b520ebbce1d02b04e6fdef84ed6c119a								syn26536649
file				HTA9_3_2nd_C391_S1159_R1_001.sort.bam			11033466	4593e8ad7b7990bd2d4a274accb8abd8								syn26536675
file				HTA9_3_2nd_C454_S1222_R1_001.sort.bam			14508258	1d93d0779f3907dae7a995f02a5b809f								syn26536764
file				HTA9_3_2nd_C474_S1242_R1_001.sort.bam			41593231	a5f5a82b5ca3d62917d035ff8f2c95a5								syn26536782
