type	study.study_id	sample.sample_id	file_id	file_name	file_type	file_size	md5sum	experimental_strategy_and_data_subtypes	entityid	file_description	file_url_in_cds	submission_version	checksum_value	checksum_algorithm	crdc_id	file_mapping_level	release_datetime	is_supplementary_file
file	phs002371	HTA9_27_21		0000303169_S1_R2_001.fastq.gz	FASTQ	5952061358	02f102dd39bfe63f2feb39ff5b820092	WXS; RNA-Seq	syn68527434									
file	phs002371	HTA9_32_2		0000319997_S1_R1_001.fastq.gz	FASTQ	6458618664	1b22bc41dc004b93e63aabde1b721267	WXS; RNA-Seq	syn68527442									
file	phs002371	HTA9_32_2		0000319997_S1_R2_001.fastq.gz	FASTQ	6616353653	0e12a41cf63afd732025adede93e97ef	WXS; RNA-Seq	syn68527459									
file	phs002371	HTA9_30_1		0000320079_S1_R1_001.fastq.gz	FASTQ	3982159332	2b1d743eb85968b1ed2f7cb327290746	WXS; RNA-Seq	syn68527460									
file	phs002371	HTA9_30_2		0000320114_S1_R1_001.fastq.gz	FASTQ	6424491170	20d67c2feaa9e84679ce59b5ac6d29bb	WXS; RNA-Seq	syn68527479									
file	phs002371	HTA9_30_2		0000320114_S1_R2_001.fastq.gz	FASTQ	6555972249	f37e93682a4fdc72dd51838dabe3660b	WXS; RNA-Seq	syn68527496									
file	phs002371	HTA9_26_21		0000340456_S1_R2_001.fastq.gz	FASTQ	7932005517	f3ee6ced0d553581dff79c95a62ecfb0	WXS; RNA-Seq	syn68527708									
file	phs002371	HTA9_38_1		0000340463_S2_R1_001.fastq.gz	FASTQ	3725874509	294da98e74440758ac9a0c5bb4d95a10	WXS; RNA-Seq	syn68527713									
file	phs002371	HTA9_36_1		0000346152_S1_R1_001.fastq.gz	FASTQ	4227149642	cd750982bb886157fea0592f201c0e5d	WXS; RNA-Seq	syn68527776									
file	phs002371	HTA9_41_1		0000366871_R2.fastq.gz	FASTQ	9726628324	dcc0adf58eb07f93dffbfb34e2b70ede	WXS; RNA-Seq	syn68527842									
file	phs002371	HTA9_18_44		0000394763_S1_R2_001.fastq.gz	FASTQ	4805374986	0ffe46b531790cedc7d12d895d5db370	WXS; RNA-Seq	syn68528053									
file	phs002371	HTA9_43_1		0000394880_R1.fastq.gz	FASTQ	1998830655	084dcca81122ffd6cad0fe9c352223f4	WXS; RNA-Seq	syn68528050									
file	phs002371	HTA9_43_1		0000394880_R2.fastq.gz	FASTQ	2021457394	38d158ecf9f3b2945543daa8b130ff0e	WXS; RNA-Seq	syn68528055									
file	phs002371	HTA9_43_2		0000404813_R1.fastq.gz	FASTQ	6389625455	4677ed02c3bfccfe96a11f9ccbc7e2f9	WXS; RNA-Seq	syn68528095									
file	phs002371	HTA9_43_2		0000404813_R2.fastq.gz	FASTQ	6405528753	1a46da6b865d049c7d54caec75e8b616	WXS; RNA-Seq	syn68528116									
file	phs002371	HTA9_23_2		0000424110_R2.fastq.gz	FASTQ	5788900579	7871d1ca96b24113b41cd00ed9029b32	WXS; RNA-Seq	syn68528165									
file	phs002371	HTA9_14_92		0000424126_R1.fastq.gz	FASTQ	5772066893	9149a27c6cb211ca2324f9a14a8f5cb1	WXS; RNA-Seq	syn68528173									
file	phs002371	HTA9_24_2		0000434093_R1.fastq.gz	FASTQ	7481144395	ca644156d33e85e1abe827a6bc267052	WXS; RNA-Seq	syn68528203									
file	phs002371	HTA9_44_1		0000434568_R1.fastq.gz	FASTQ	4504572709	db2ad961be8fcde28a75f4de9fa00d87	WXS; RNA-Seq	syn68528243									
file	phs002371	HTA9_32_2		0000319997.bam	BAM	10002160028	56adcf0501af847a08a8e966b701c6cc	WXS; RNA-Seq	syn68528355									
file	phs002371	HTA9_34_4		0000320245.bam	BAM	9438605531	cded1cf9ddb13ecd0723c3f85e09b76f	WXS; RNA-Seq	syn68528402									
file	phs002371	HTA9_40_2		0000340469.bam	BAM	7416416986	bca62c4a28a46853b23b302fbd3b6674	WXS; RNA-Seq	syn68528439									
file	phs002371	HTA9_36_1		0000346152.bam	BAM	7654950154	238b50f3096edffec9229df86c53ccc6	WXS; RNA-Seq	syn68528443									
file	phs002371	HTA9_17_41		0000382748.bam	BAM	10522996016	07d836ebb5dd48edba4558902fa631fb	WXS; RNA-Seq	syn68528465									
file	phs002371	HTA9_17_45		0000382837.bam	BAM	9819302380	e5355fd17c8b045aad4db5c3a1b8bf59	WXS; RNA-Seq	syn68528467									
file	phs002371	HTA9_43_2		0000404813.bam	BAM	11010931532	0b52f8452fa477785eb6e2d55aeeb1d8	WXS; RNA-Seq	syn68528488									
file	phs002371	HTA9_14_92		0000424126.bam	BAM	9994729705	49ee3616376400607152ede2338d6846	WXS; RNA-Seq	syn68528495									
file	phs002371	HTA9_27_22		0000265770_S1_R1_001.fastq.gz	FASTQ	3100672591	e06f2f740430c786a87a8f96d5b02a1a	WXS; RNA-Seq	syn68527430									
file	phs002371	HTA9_27_22		0000265770_S1_R2_001.fastq.gz	FASTQ	3313601345	0b25824bb7376f7e090854d6b863fd35	WXS; RNA-Seq	syn68527435									
file	phs002371	HTA9_27_21		0000303169_S1_R1_001.fastq.gz	FASTQ	3240621524	f689b9da0c6403caa3b32569f858a647	WXS; RNA-Seq	syn68527458									
file	phs002371	HTA9_30_1		0000320079_S1_R2_001.fastq.gz	FASTQ	2405024976	923e678c2f48b28b68c7e6bd223ae274	WXS; RNA-Seq	syn68527478									
file	phs002371	HTA9_34_4		0000320245_S1_R1_001.fastq.gz	FASTQ	951376691	aae1deb97d4e51a46b68fb8a404f647d	WXS; RNA-Seq	syn68527497									
file	phs002371	HTA9_34_4		0000320245_S1_R2_001.fastq.gz	FASTQ	1063994504	976533499ce63d87bcb3e41ca9d40433	WXS; RNA-Seq	syn68527502									
file	phs002371	HTA9_32_1		0000321912_S1_R1_001.fastq.gz	FASTQ	2324142947	f2410c2a237b623ae0999985e13821c4	WXS; RNA-Seq	syn68527527									
file	phs002371	HTA9_32_1		0000321912_S1_R2_001.fastq.gz	FASTQ	2548485570	c36962e573b20039ddd2152fe350678a	WXS; RNA-Seq	syn68527537									
file	phs002371	HTA9_25_20		0000321972_S1_R1_001.fastq.gz	FASTQ	2214766112	c96ee96c1e7e8fa385287bc9878b286b	WXS; RNA-Seq	syn68527550									
file	phs002371	HTA9_25_20		0000321972_S1_R2_001.fastq.gz	FASTQ	2449424209	16e0a27c3fa3dbfb24b955f8f154a6d8	WXS; RNA-Seq	syn68527554									
file	phs002371	HTA9_26_21		0000340456_S1_R1_001.fastq.gz	FASTQ	2001942799	9151df1b4044fa7df13d5fcdb06b1079	WXS; RNA-Seq	syn68527639									
file	phs002371	HTA9_38_1		0000340463_S2_R2_001.fastq.gz	FASTQ	2075039940	e77fe0d088fc49e3936f3423361245d6	WXS; RNA-Seq	syn68527648									
file	phs002371	HTA9_40_2		0000340469_S1_R1_001.fastq.gz	FASTQ	2013214601	1a04a3ebb4ace6a90e5bce926e5aa54e	WXS; RNA-Seq	syn68527650									
file	phs002371	HTA9_40_2		0000340469_S1_R2_001.fastq.gz	FASTQ	2211547387	4cea55dcd4388767b8b33e0c8c838f85	WXS; RNA-Seq	syn68527661									
file	phs002371	HTA9_36_1		0000346152_S1_R2_001.fastq.gz	FASTQ	2124124806	c04f5b386f01b92c1e361793ffc7e4bf	WXS; RNA-Seq	syn68527671									
file	phs002371	HTA9_41_1		0000366871_R1.fastq.gz	FASTQ	3093066556	5dedd7baed34076add9f84e64a6ffd28	WXS; RNA-Seq	syn68527675									
file	phs002371	HTA9_23_1		0000367988_R1.fastq.gz	FASTQ	1626933115	ac1d68e1050f8cbe79b13b0303f4db4b	WXS; RNA-Seq	syn68527702									
file	phs002371	HTA9_23_1		0000367988_R2.fastq.gz	FASTQ	1831988133	662fc998e103ed066329a565fe693ed3	WXS; RNA-Seq	syn68527707									
file	phs002371	HTA9_16_41		0000368070_S1_R1_001.fastq.gz	FASTQ	1547503723	d3cae676aaa944ad57dc07026aad90a9	WXS; RNA-Seq	syn68527711									
file	phs002371	HTA9_16_41		0000368070_S1_R2_001.fastq.gz	FASTQ	1754168689	7e7d208b259e68dfb0e07d271613c972	WXS; RNA-Seq	syn68527719									
file	phs002371	HTA9_16_45		0000368112_S1_R1_001.fastq.gz	FASTQ	2375728373	3f800a692d81c92b106dd0d8ccc159d0	WXS; RNA-Seq	syn68527730									
file	phs002371	HTA9_16_45		0000368112_S1_R2_001.fastq.gz	FASTQ	2633642588	bf75db65a79f7a1f2fbe89e7dab15d16	WXS; RNA-Seq	syn68527741									
file	phs002371	HTA9_42_3		0000382610_R1.fastq.gz	FASTQ	2044756355	442571fba624d8cd3706101b281f7e78	WXS; RNA-Seq	syn68527777									
file	phs002371	HTA9_42_3		0000382610_R2.fastq.gz	FASTQ	2325177053	3037337c532886e849c372dff2f73bc5	WXS; RNA-Seq	syn68527778									
file	phs002371	HTA9_17_41		0000382748_S1_R1_001.fastq.gz	FASTQ	2127291748	51eb529d9d2ce36ece25fe228e5c3596	WXS; RNA-Seq	syn68527780									
file	phs002371	HTA9_17_41		0000382748_S1_R2_001.fastq.gz	FASTQ	2368544663	92a261b2fdd0a181db4b878f3a01607f	WXS; RNA-Seq	syn68527790									
file	phs002371	HTA9_18_44		0000394763_S1_R1_001.fastq.gz	FASTQ	2101101226	169f7e445af1fd14bc24e5356e9144ac	WXS; RNA-Seq	syn68527837									
file	phs002371	HTA9_24_41		0000399183_R1.fastq.gz	FASTQ	2220353152	be653de80e58b7cefd482881008d11e8	WXS; RNA-Seq	syn68527867									
file	phs002371	HTA9_24_41		0000399183_R2.fastq.gz	FASTQ	2634130113	31b7908a972f34e33eb2d0eebe546b15	WXS; RNA-Seq	syn68527876									
file	phs002371	HTA9_23_2		0000424110_R1.fastq.gz	FASTQ	1886048700	ef91c92ab5d269dc9e90e40cfbb70bc2	WXS; RNA-Seq	syn68527897									
file	phs002371	HTA9_14_92		0000424126_R2.fastq.gz	FASTQ	3305631821	21d9f65ced8934ac30b5c355e2c80ad4	WXS; RNA-Seq	syn68527937									
file	phs002371	HTA9_24_2		0000434093_R2.fastq.gz	FASTQ	2487545440	9a0ab5a3acb2c999f32533077a9e5a14	WXS; RNA-Seq	syn68527955									
file	phs002371	HTA9_44_3		0000434105_R1.fastq.gz	FASTQ	1646364031	3f41833c64544215157c1136c0f0136c	WXS; RNA-Seq	syn68527957									
file	phs002371	HTA9_44_3		0000434105_R2.fastq.gz	FASTQ	1838550050	fe697b8ab33b8d7a8f77371131710e3a	WXS; RNA-Seq	syn68527985									
file	phs002371	HTA9_44_1		0000434568_R2.fastq.gz	FASTQ	1276279046	67e555e448e43be790adc75dc174758e	WXS; RNA-Seq	syn68528001									
file	phs002371	HTA9_29_31		0000446970_R1.fastq.gz	FASTQ	808287451	dd272df79915ae785050b9d061fc58b5	WXS; RNA-Seq	syn68528002									
file	phs002371	HTA9_29_31		0000446970_R2.fastq.gz	FASTQ	943160370	eaa50fd7e4416839377cdf1f2d0eac9d	WXS; RNA-Seq	syn68528005									
file	phs002371	HTA9_29_32		0000447031_R1.fastq.gz	FASTQ	929586984	ac466b32e6daaf96ecd82783580ec933	WXS; RNA-Seq	syn68528012									
file	phs002371	HTA9_29_32		0000447031_R2.fastq.gz	FASTQ	1063574027	992e87e04a6ac1c0e8f0f718742be701	WXS; RNA-Seq	syn68528013									
file	phs002371	HTA9_45_1		0000447063_R1.fastq.gz	FASTQ	1487728666	740f7e4697fcc88b6db8fac8312650a3	WXS; RNA-Seq	syn68528017									
file	phs002371	HTA9_45_1		0000447063_R2.fastq.gz	FASTQ	1638461212	2bbfaae7c091c1d75fddb2ba3654305e	WXS; RNA-Seq	syn68528020									
file	phs002371	HTA9_45_2		0000447194_R1.fastq.gz	FASTQ	1345161496	9863506be11ff01e9aa84d06e9dc3a63	WXS; RNA-Seq	syn68528023									
file	phs002371			0000303168.bam	BAM	14359388665	2c20a019a994f5dceca31f6a1b9a14e1	WXS; RNA-Seq	syn68528032									
file	phs002371			0000303169.bam	BAM	6831442420	1abcfc70adc59720ea18171b70699c88	WXS; RNA-Seq	syn68528031									
file	phs002371			0000303178.bam	BAM	6006608124	040d0cb356f564934723605814240c07	WXS; RNA-Seq	syn68528039									
file	phs002371	HTA9_30_1		0000320079.bam	BAM	10696919217	6d44b93768fc691a6a709104ba4f5f7e	WXS; RNA-Seq	syn68528089									
file	phs002371	HTA9_25_20		0000321972.bam	BAM	11534532608	52f33cac161ffa7942c302e984b352c6	WXS; RNA-Seq	syn68528286									
file	phs002371	HTA9_26_21		0000340456.bam	BAM	18223343973	1a7fa4c49740eea4af066ffe2cb0c148	WXS; RNA-Seq	syn68528334									
file	phs002371	HTA9_38_1		0000340463.bam	BAM	18170651552	c3a9583d35e3c0104c25d5df1577ba44	WXS; RNA-Seq	syn68528399									
file	phs002371	HTA9_27_22		0000265770.bam	BAM	1327899477	7a8ace16fdea1d52a908c6a760853b04	WXS; RNA-Seq	syn68528202									
file	phs002371	HTA9_27_21		0000303169.bam	BAM	529016503	78a7d853fce8872ca9839170ad40fa9a	WXS; RNA-Seq	syn68528204									
file	phs002371	HTA9_32_2		0000319997.bam	BAM	2570732979	f58f8ba2d302110fcf9fd31b580f8847	WXS; RNA-Seq	syn68528216									
file	phs002371	HTA9_30_1		0000320079.bam	BAM	1264959533	265281e68e1fba4b698f70d2ca920b8e	WXS; RNA-Seq	syn68528222									
file	phs002371	HTA9_30_2		0000320114.bam	BAM	1761591040	c36b4d92aa625b476d187f7feb97a484	WXS; RNA-Seq	syn68528227									
file	phs002371	HTA9_34_4		0000320245.bam	BAM	902602756	45645679fdb0b8c132473992530e59c5	WXS; RNA-Seq	syn68528229									
file	phs002371	HTA9_34_3		0000320296.bam	BAM	824750546	5e1ccf4104b187afa13364600735d21a	WXS; RNA-Seq	syn68528230									
file	phs002371	HTA9_32_1		0000321912.bam	BAM	1896713041	711ec7332a0d3657a8b10087f8154cc2	WXS; RNA-Seq	syn68528234									
file	phs002371	HTA9_25_20		0000321972.bam	BAM	2163493009	8e279d6e957a88f9ce79b87571c5c2b9	WXS; RNA-Seq	syn68528245									
file	phs002371	HTA9_25_23		0000321988.bam	BAM	846926389	bc63960f9170df316b2ac447b1693031	WXS; RNA-Seq	syn68528247									
file	phs002371	HTA9_26_22		0000321995.bam	BAM	836571197	3f9e7dc59ea48986a40d2e067b582cb3	WXS; RNA-Seq	syn68528250									
file	phs002371	HTA9_40_4		0000322035.bam	BAM	1380665068	c783e04ce1243d92ab282dac9d41a471	WXS; RNA-Seq	syn68528255									
file	phs002371	HTA9_38_5		0000322041.bam	BAM	1003367577	69ae36089ca34dd98f65ce9533d8885a	WXS; RNA-Seq	syn68528257									
file	phs002371	HTA9_26_21		0000340456.bam	BAM	1942377422	387ad15ce9e21eec14d05d9e72ec0572	WXS; RNA-Seq	syn68528266									
file	phs002371	HTA9_38_1		0000340463.bam	BAM	1335565933	2b83891354fb4ae2074f1ab8fcc7d3e8	WXS; RNA-Seq	syn68528268									
file	phs002371	HTA9_36_1		0000346152.bam	BAM	915081620	3b9f5de7a03db12246f5f9ac19157643	WXS; RNA-Seq	syn68528272									
file	phs002371	HTA9_41_1		0000366871.bam	BAM	1878554756	aa825ec9eb82bf943d11c053868791a7	WXS; RNA-Seq	syn68528274									
file	phs002371	HTA9_23_1		0000367988.bam	BAM	940098342	f6dd0fb6b1223cb5b2b59cbcae9dbc19	WXS; RNA-Seq	syn68528275									
file	phs002371	HTA9_16_41		0000368070.bam	BAM	1162935747	13b00cd687dd0fd2f470fed6e02be484	WXS; RNA-Seq	syn68528277									
file	phs002371	HTA9_16_45		0000368112.bam	BAM	1919839634	1ca41efb4047466d27502f2b9798ecf9	WXS; RNA-Seq	syn68528280									
file	phs002371	HTA9_42_3		0000382610.bam	BAM	1475244373	617c1eb3c3c95d1fb65ba374c0c83bde	WXS; RNA-Seq	syn68528287									
file	phs002371	HTA9_18_41		0000382886.bam	BAM	2709356247	129fcc8f7d1cf97dad777d595cc35db9	WXS; RNA-Seq	syn68528298									
file	phs002371	HTA9_18_44		0000394763.bam	BAM	1510872467	386d68c0d21389c9536fbe780d229893	WXS; RNA-Seq	syn68528299									
file	phs002371	HTA9_43_1		0000394880.bam	BAM	1262961054	4356f41669b55eda143ebfa39346cc5d	WXS; RNA-Seq	syn68528300									
file	phs002371	HTA9_24_41		0000399183.bam	BAM	1681108813	ecf5c692355d9cd1779bf8b9f91738d4	WXS; RNA-Seq	syn68528302									
file	phs002371	HTA9_23_2		0000424110.bam	BAM	661967489	a40c7a11c0c6c160051c364425258e39	WXS; RNA-Seq	syn68528305									
file	phs002371	HTA9_24_2		0000434093.bam	BAM	1621734234	fc5912b84948b5c5fb7861f27b245891	WXS; RNA-Seq	syn68528309									
file	phs002371	HTA9_44_3		0000434105.bam	BAM	965484727	6a297d09c577f0d9b5465d9a1c114908	WXS; RNA-Seq	syn68528316									
file	phs002371	HTA9_44_1		0000434568.bam	BAM	537156197	21c06e8c2397a3cb5807a9bdb482c35e	WXS; RNA-Seq	syn68528318									
file	phs002371	HTA9_29_31		0000446970.bam	BAM	582298215	e09f90b26d01fbf8a43dc2aa81415c2a	WXS; RNA-Seq	syn68528319									
file	phs002371	HTA9_29_32		0000447031.bam	BAM	821390963	7d4ae484412d5112a147bb5e24d4dad9	WXS; RNA-Seq	syn68528320									
file	phs002371	HTA9_45_1		0000447063.bam	BAM	763475627	c409f23b476ccc6a15095c53a8777a77	WXS; RNA-Seq	syn68528321									
file	phs002371	HTA9_45_2		0000447194.bam	BAM	1197188450	5521c9f80f38e2a177eb11dffc5cf6c8	WXS; RNA-Seq	syn68528322									
file	phs002371	HTA11_99999973458_83798		10096-AS-1_S1_L005_R1_001.fastq.gz	FASTQ	42600239117	eec4d13a5f41fb651d46e38d47a9ed0e	WXS; RNA-Seq	syn52578143									
file	phs002371	HTA11_99999971662_82457		10096-AS-1_S1_L005_R1_001.fastq.gz	FASTQ	42600239117	eec4d13a5f41fb651d46e38d47a9ed0e	WXS; RNA-Seq	syn52578143									
file	phs002371	HTA11_99999974143_84620		10096-AS-1_S1_L005_R2_001.fastq.gz	FASTQ	44640592255	801bf312af34f019079ca99c3f3039e9	WXS; RNA-Seq	syn52578146									
file	phs002371	HTA11_99999971662_82457		10096-AS-1_S1_L005_R2_001.fastq.gz	FASTQ	44640592255	801bf312af34f019079ca99c3f3039e9	WXS; RNA-Seq	syn52578146									
file	phs002371	HTA11_99999933430_84221		10180-AS-0001_S1_L005_R1_001.fastq.gz	FASTQ	24155166291	b4d99b19bd431114b53f30e8f2ad013f	WXS; RNA-Seq	syn52578150									
file	phs002371	HTA11_99999959460_84226		10180-AS-0001_S1_L005_R1_001.fastq.gz	FASTQ	24155166291	b4d99b19bd431114b53f30e8f2ad013f	WXS; RNA-Seq	syn52578150									
file	phs002371	HTA11_99999959600_84594		10180-AS-0001_S1_L005_R1_001.fastq.gz	FASTQ	24155166291	b4d99b19bd431114b53f30e8f2ad013f	WXS; RNA-Seq	syn52578150									
file	phs002371	HTA11_99999933430_84221		10180-AS-0001_S1_L005_R2_001.fastq.gz	FASTQ	24906141107	f465e3a9a3b56e92331b506eba298a49	WXS; RNA-Seq	syn52578152									
file	phs002371	HTA11_99999954273_84216		10180-AS-0001_S1_L005_R2_001.fastq.gz	FASTQ	24906141107	f465e3a9a3b56e92331b506eba298a49	WXS; RNA-Seq	syn52578152									
file	phs002371	HTA11_99999959460_84226		10180-AS-0001_S1_L005_R2_001.fastq.gz	FASTQ	24906141107	f465e3a9a3b56e92331b506eba298a49	WXS; RNA-Seq	syn52578152									
file	phs002371	HTA11_99999971397_80384		10180-AS-0002_S1_L005_R1_001.fastq.gz	FASTQ	26535719002	5d6d6ef7e423ec4f42aeaa89b8452cbf	WXS; RNA-Seq	syn52578153									
file	phs002371	HTA11_99999973899_84307		10180-AS-0002_S1_L005_R1_001.fastq.gz	FASTQ	26535719002	5d6d6ef7e423ec4f42aeaa89b8452cbf	WXS; RNA-Seq	syn52578153									
file	phs002371	HTA11_99999971397_80384		10180-AS-0002_S1_L005_R2_001.fastq.gz	FASTQ	26812122253	e8f1a04983892b156b4d8f78d0118c19	WXS; RNA-Seq	syn52578155									
file	phs002371	HTA11_99999973899_84307		10180-AS-0002_S1_L005_R2_001.fastq.gz	FASTQ	26812122253	e8f1a04983892b156b4d8f78d0118c19	WXS; RNA-Seq	syn52578155									
file	phs002371	HTA11_99999959667_84596		10284-AS-1_S1_L005_R1_001.fastq.gz	FASTQ	9427223134	a987dfec4ce8a21eed852185a77b9ea1	WXS; RNA-Seq	syn52578156									
file	phs002371	HTA11_9999991971_1971		10284-AS-1_S1_L005_R1_001.fastq.gz	FASTQ	9427223134	a987dfec4ce8a21eed852185a77b9ea1	WXS; RNA-Seq	syn52578156									
file	phs002371	HTA11_99999959667_84596		10284-AS-1_S1_L005_R2_001.fastq.gz	FASTQ	9678192542	098ecd1fe395101f509a4cc998316792	WXS; RNA-Seq	syn52578157									
file	phs002371	HTA11_9999991971_1971		10284-AS-1_S1_L005_R2_001.fastq.gz	FASTQ	9678192542	098ecd1fe395101f509a4cc998316792	WXS; RNA-Seq	syn52578157									
file	phs002371	HTA5_1736_1005		SM-L123H_S7_L001_I1_001.fastq.gz	FASTQ	1962695720	e43c753265709bf2c9f4b669ca973151	WXS; RNA-Seq	syn51271242									
file	phs002371	HTA5_1848_1004		SM-L123H_S7_L001_I1_001.fastq.gz	FASTQ	1962695720	e43c753265709bf2c9f4b669ca973151	WXS; RNA-Seq	syn51271242									
file	phs002371	HTA5_1665_2004		SM-L123H_S7_L001_I1_001.fastq.gz	FASTQ	1962695720	e43c753265709bf2c9f4b669ca973151	WXS; RNA-Seq	syn51271242									
file	phs002371	HTA5_1240_1004		SM-L123H_S7_L001_I2_001.fastq.gz	FASTQ	2237660265	44de7f1012c1197edd4e7eeb1e495f9d	WXS; RNA-Seq	syn51271245									
file	phs002371	HTA5_1736_1005		SM-L123H_S7_L001_I2_001.fastq.gz	FASTQ	2237660265	44de7f1012c1197edd4e7eeb1e495f9d	WXS; RNA-Seq	syn51271245									
file	phs002371	HTA5_1665_2004		SM-L123H_S7_L001_I2_001.fastq.gz	FASTQ	2237660265	44de7f1012c1197edd4e7eeb1e495f9d	WXS; RNA-Seq	syn51271245									
file	phs002371	HTA5_1848_1004		SM-L123H_S7_L001_R1_001.fastq.gz	FASTQ	7328197026	3f05cfefbf11f0cf41ce494c47a6b4e1	WXS; RNA-Seq	syn51271244									
file	phs002371	HTA5_1665_2004		SM-L123H_S7_L001_R1_001.fastq.gz	FASTQ	7328197026	3f05cfefbf11f0cf41ce494c47a6b4e1	WXS; RNA-Seq	syn51271244									
file	phs002371	HTA5_1736_1005		SM-L123H_S7_L001_R1_001.fastq.gz	FASTQ	7328197026	3f05cfefbf11f0cf41ce494c47a6b4e1	WXS; RNA-Seq	syn51271244									
file	phs002371	HTA5_1240_1004		SM-L123H_S7_L001_R2_001.fastq.gz	FASTQ	16373582825	537a35ff0b8f8b6ca00353f6f12e7437	WXS; RNA-Seq	syn51271246									
file	phs002371	HTA5_1736_1005		SM-L123H_S7_L001_R2_001.fastq.gz	FASTQ	16373582825	537a35ff0b8f8b6ca00353f6f12e7437	WXS; RNA-Seq	syn51271246									
file	phs002371	HTA5_1848_1004		SM-L123H_S7_L001_R2_001.fastq.gz	FASTQ	16373582825	537a35ff0b8f8b6ca00353f6f12e7437	WXS; RNA-Seq	syn51271246									
file	phs002371	HTA5_1665_2004		SM-L123H_S7_L002_I1_001.fastq.gz	FASTQ	1966380076	a98cbf4ee2b72c7e9e1fa9517691e386	WXS; RNA-Seq	syn51271247									
file	phs002371	HTA5_1240_1004		SM-L123H_S7_L002_I1_001.fastq.gz	FASTQ	1966380076	a98cbf4ee2b72c7e9e1fa9517691e386	WXS; RNA-Seq	syn51271247									
file	phs002371	HTA5_1736_1005		SM-L123H_S7_L002_I1_001.fastq.gz	FASTQ	1966380076	a98cbf4ee2b72c7e9e1fa9517691e386	WXS; RNA-Seq	syn51271247									
file	phs002371	HTA5_1736_1005		SM-L123H_S7_L002_I2_001.fastq.gz	FASTQ	2283184246	bc637a9ff6d64264bde66a5ce89b29d1	WXS; RNA-Seq	syn51271251									
file	phs002371	HTA5_1848_1004		SM-L123H_S7_L002_I2_001.fastq.gz	FASTQ	2283184246	bc637a9ff6d64264bde66a5ce89b29d1	WXS; RNA-Seq	syn51271251									
file	phs002371	HTA5_1240_1004		SM-L123H_S7_L002_I2_001.fastq.gz	FASTQ	2283184246	bc637a9ff6d64264bde66a5ce89b29d1	WXS; RNA-Seq	syn51271251									
file	phs002371	HTA5_1665_2004		SM-L123H_S7_L002_R1_001.fastq.gz	FASTQ	7328278243	42b249133d3ce6511c538ac3be54af78	WXS; RNA-Seq	syn51271249									
file	phs002371	HTA5_1848_1004		SM-L123H_S7_L002_R1_001.fastq.gz	FASTQ	7328278243	42b249133d3ce6511c538ac3be54af78	WXS; RNA-Seq	syn51271249									
file	phs002371	HTA5_1240_1004		SM-L123H_S7_L002_R1_001.fastq.gz	FASTQ	7328278243	42b249133d3ce6511c538ac3be54af78	WXS; RNA-Seq	syn51271249									
file	phs002371	HTA5_1240_1004		SM-L123H_S7_L002_R2_001.fastq.gz	FASTQ	16409178340	6552963b49a9a830ae5f228ce400e6f9	WXS; RNA-Seq	syn51271250									
file	phs002371	HTA5_1665_2004		SM-L123H_S7_L002_R2_001.fastq.gz	FASTQ	16409178340	6552963b49a9a830ae5f228ce400e6f9	WXS; RNA-Seq	syn51271250									
file	phs002371	HTA5_1848_1004		SM-L123H_S7_L002_R2_001.fastq.gz	FASTQ	16409178340	6552963b49a9a830ae5f228ce400e6f9	WXS; RNA-Seq	syn51271250									
file	phs002371	HTA5_1736_1005		SM-L123H_S7_L003_I1_001.fastq.gz	FASTQ	1962812173	ac7c3be2d5e2fa78a68aa549e86609d4	WXS; RNA-Seq	syn51271243									
file	phs002371	HTA5_1848_1004		SM-L123H_S7_L003_I1_001.fastq.gz	FASTQ	1962812173	ac7c3be2d5e2fa78a68aa549e86609d4	WXS; RNA-Seq	syn51271243									
file	phs002371	HTA5_1665_2004		SM-L123H_S7_L003_I1_001.fastq.gz	FASTQ	1962812173	ac7c3be2d5e2fa78a68aa549e86609d4	WXS; RNA-Seq	syn51271243									
file	phs002371	HTA5_1736_1005		SM-L123H_S7_L003_I2_001.fastq.gz	FASTQ	2206261000	e717706f2f2cfbf6d95980e5acc19960	WXS; RNA-Seq	syn51271254									
file	phs002371	HTA5_1240_1004		SM-L123H_S7_L003_I2_001.fastq.gz	FASTQ	2206261000	e717706f2f2cfbf6d95980e5acc19960	WXS; RNA-Seq	syn51271254									
file	phs002371	HTA5_1665_2004		SM-L123H_S7_L003_I2_001.fastq.gz	FASTQ	2206261000	e717706f2f2cfbf6d95980e5acc19960	WXS; RNA-Seq	syn51271254									
file	phs002371	HTA5_1240_1004		SM-L123H_S7_L003_R1_001.fastq.gz	FASTQ	7318624344	4457434776ed08209f838ea3c9704e8b	WXS; RNA-Seq	syn51271252									
file	phs002371	HTA5_1736_1005		SM-L123H_S7_L003_R1_001.fastq.gz	FASTQ	7318624344	4457434776ed08209f838ea3c9704e8b	WXS; RNA-Seq	syn51271252									
file	phs002371	HTA5_1665_2004		SM-L123H_S7_L003_R1_001.fastq.gz	FASTQ	7318624344	4457434776ed08209f838ea3c9704e8b	WXS; RNA-Seq	syn51271252									
file	phs002371	HTA5_1736_1005		SM-L123H_S7_L003_R2_001.fastq.gz	FASTQ	16358689504	a9b63d9efe4aaff68bf60d27b4f125ba	WXS; RNA-Seq	syn51271256									
file	phs002371	HTA5_1848_1004		SM-L123H_S7_L003_R2_001.fastq.gz	FASTQ	16358689504	a9b63d9efe4aaff68bf60d27b4f125ba	WXS; RNA-Seq	syn51271256									
file	phs002371	HTA5_1240_1004		SM-L123H_S7_L003_R2_001.fastq.gz	FASTQ	16358689504	a9b63d9efe4aaff68bf60d27b4f125ba	WXS; RNA-Seq	syn51271256									
file	phs002371	HTA5_1848_1004		SM-L123H_S7_L004_I1_001.fastq.gz	FASTQ	1963584416	da9182a7b6c6d22b7ecc706e5f0b86bc	WXS; RNA-Seq	syn51271259									
file	phs002371	HTA5_1736_1005		SM-L123H_S7_L004_I1_001.fastq.gz	FASTQ	1963584416	da9182a7b6c6d22b7ecc706e5f0b86bc	WXS; RNA-Seq	syn51271259									
file	phs002371	HTA5_1665_2004		SM-L123H_S7_L004_I1_001.fastq.gz	FASTQ	1963584416	da9182a7b6c6d22b7ecc706e5f0b86bc	WXS; RNA-Seq	syn51271259									
file	phs002371	HTA5_1736_1005		SM-L123H_S7_L004_I2_001.fastq.gz	FASTQ	2237850709	32e9f09d78f48ddeb1b5feaf8814fcc0	WXS; RNA-Seq	syn51271248									
file	phs002371	HTA5_1240_1004		SM-L123H_S7_L004_I2_001.fastq.gz	FASTQ	2237850709	32e9f09d78f48ddeb1b5feaf8814fcc0	WXS; RNA-Seq	syn51271248									
file	phs002371	HTA5_1848_1004		SM-L123H_S7_L004_I2_001.fastq.gz	FASTQ	2237850709	32e9f09d78f48ddeb1b5feaf8814fcc0	WXS; RNA-Seq	syn51271248									
file	phs002371	HTA5_1848_1004		SM-L123H_S7_L004_R1_001.fastq.gz	FASTQ	7286165314	6dab9245d8621a991162c6f6cbf9d591	WXS; RNA-Seq	syn51271253									
file	phs002371	HTA5_1665_2004		SM-L123H_S7_L004_R1_001.fastq.gz	FASTQ	7286165314	6dab9245d8621a991162c6f6cbf9d591	WXS; RNA-Seq	syn51271253									
file	phs002371	HTA5_1240_1004		SM-L123H_S7_L004_R1_001.fastq.gz	FASTQ	7286165314	6dab9245d8621a991162c6f6cbf9d591	WXS; RNA-Seq	syn51271253									
file	phs002371	HTA5_1665_2004		SM-L123H_S7_L004_R2_001.fastq.gz	FASTQ	16290596312	1632a8885b3ddeeed947a51c50ee913b	WXS; RNA-Seq	syn51271258									
file	phs002371	HTA5_1240_1004		SM-L123H_S7_L004_R2_001.fastq.gz	FASTQ	16290596312	1632a8885b3ddeeed947a51c50ee913b	WXS; RNA-Seq	syn51271258									
file	phs002371	HTA5_1736_1005		SM-L123H_S7_L004_R2_001.fastq.gz	FASTQ	16290596312	1632a8885b3ddeeed947a51c50ee913b	WXS; RNA-Seq	syn51271258									
file	phs002371	HTA5_1803_1004		SM-L123I_S5_L001_I1_001.fastq.gz	FASTQ	1542281131	1332ab903a15791b60f4a2baa008fabc	WXS; RNA-Seq	syn51271231									
file	phs002371	HTA5_1977_1006		SM-L123I_S5_L001_I1_001.fastq.gz	FASTQ	1542281131	1332ab903a15791b60f4a2baa008fabc	WXS; RNA-Seq	syn51271231									
file	phs002371	HTA5_1781_1004		SM-L123I_S5_L001_I1_001.fastq.gz	FASTQ	1542281131	1332ab903a15791b60f4a2baa008fabc	WXS; RNA-Seq	syn51271231									
file	phs002371	HTA5_1039_1014		SM-L123I_S5_L001_I2_001.fastq.gz	FASTQ	1795842057	f84e00c82f2604a3183de68e5a308ab2	WXS; RNA-Seq	syn51271488									
file	phs002371	HTA5_1977_1006		SM-L123I_S5_L001_I2_001.fastq.gz	FASTQ	1795842057	f84e00c82f2604a3183de68e5a308ab2	WXS; RNA-Seq	syn51271488									
file	phs002371	HTA5_1803_1004		SM-L123I_S5_L001_I2_001.fastq.gz	FASTQ	1795842057	f84e00c82f2604a3183de68e5a308ab2	WXS; RNA-Seq	syn51271488									
file	phs002371	HTA5_1781_1004		SM-L123I_S5_L001_R1_001.fastq.gz	FASTQ	5662232099	7c27139dc7b777cf62f3db7db548a44a	WXS; RNA-Seq	syn51271476									
file	phs002371	HTA5_1977_1006		SM-L123I_S5_L001_R1_001.fastq.gz	FASTQ	5662232099	7c27139dc7b777cf62f3db7db548a44a	WXS; RNA-Seq	syn51271476									
file	phs002371	HTA5_1803_1004		SM-L123I_S5_L001_R1_001.fastq.gz	FASTQ	5662232099	7c27139dc7b777cf62f3db7db548a44a	WXS; RNA-Seq	syn51271476									
file	phs002371	HTA5_1781_1004		SM-L123I_S5_L001_R2_001.fastq.gz	FASTQ	12676584053	d312251e4583d10b9e5051bdf26d557b	WXS; RNA-Seq	syn51271477									
file	phs002371	HTA5_1977_1006		SM-L123I_S5_L001_R2_001.fastq.gz	FASTQ	12676584053	d312251e4583d10b9e5051bdf26d557b	WXS; RNA-Seq	syn51271477									
file	phs002371	HTA5_1803_1004		SM-L123I_S5_L001_R2_001.fastq.gz	FASTQ	12676584053	d312251e4583d10b9e5051bdf26d557b	WXS; RNA-Seq	syn51271477									
file	phs002371	HTA5_1781_1004		SM-L123I_S5_L002_I1_001.fastq.gz	FASTQ	1532166918	4063e19d96e798fbf8dc309b5eb10704	WXS; RNA-Seq	syn51271505									
file	phs002371	HTA5_1977_1006		SM-L123I_S5_L002_I1_001.fastq.gz	FASTQ	1532166918	4063e19d96e798fbf8dc309b5eb10704	WXS; RNA-Seq	syn51271505									
file	phs002371	HTA5_1803_1004		SM-L123I_S5_L002_I1_001.fastq.gz	FASTQ	1532166918	4063e19d96e798fbf8dc309b5eb10704	WXS; RNA-Seq	syn51271505									
file	phs002371	HTA5_1039_1014		SM-L123I_S5_L002_I2_001.fastq.gz	FASTQ	1810013359	ce0ac5afd86d78c75ce45eeb705251f2	WXS; RNA-Seq	syn51271492									
file	phs002371	HTA5_1781_1004		SM-L123I_S5_L002_I2_001.fastq.gz	FASTQ	1810013359	ce0ac5afd86d78c75ce45eeb705251f2	WXS; RNA-Seq	syn51271492									
file	phs002371	HTA5_1803_1004		SM-L123I_S5_L002_I2_001.fastq.gz	FASTQ	1810013359	ce0ac5afd86d78c75ce45eeb705251f2	WXS; RNA-Seq	syn51271492									
file	phs002371	HTA5_1781_1004		SM-L123I_S5_L002_R1_001.fastq.gz	FASTQ	5646526285	e751bade41b019563d7a219e7872c841	WXS; RNA-Seq	syn51271478									
file	phs002371	HTA5_1977_1006		SM-L123I_S5_L002_R1_001.fastq.gz	FASTQ	5646526285	e751bade41b019563d7a219e7872c841	WXS; RNA-Seq	syn51271478									
file	phs002371	HTA5_1803_1004		SM-L123I_S5_L002_R1_001.fastq.gz	FASTQ	5646526285	e751bade41b019563d7a219e7872c841	WXS; RNA-Seq	syn51271478									
file	phs002371	HTA5_1781_1004		SM-L123I_S5_L002_R2_001.fastq.gz	FASTQ	12676681903	291f2480ee16e5405b010ff295f4bf76	WXS; RNA-Seq	syn51271479									
file	phs002371	HTA5_1803_1004		SM-L123I_S5_L002_R2_001.fastq.gz	FASTQ	12676681903	291f2480ee16e5405b010ff295f4bf76	WXS; RNA-Seq	syn51271479									
file	phs002371	HTA5_1977_1006		SM-L123I_S5_L002_R2_001.fastq.gz	FASTQ	12676681903	291f2480ee16e5405b010ff295f4bf76	WXS; RNA-Seq	syn51271479									
file	phs002371	HTA5_1803_1004		SM-L123I_S5_L003_I1_001.fastq.gz	FASTQ	1529780786	4f4c72d11eb77508d32cdf37a609cb2c	WXS; RNA-Seq	syn51271510									
file	phs002371	HTA5_1781_1004		SM-L123I_S5_L003_I1_001.fastq.gz	FASTQ	1529780786	4f4c72d11eb77508d32cdf37a609cb2c	WXS; RNA-Seq	syn51271510									
file	phs002371	HTA5_1977_1006		SM-L123I_S5_L003_I1_001.fastq.gz	FASTQ	1529780786	4f4c72d11eb77508d32cdf37a609cb2c	WXS; RNA-Seq	syn51271510									
file	phs002371	HTA5_1039_1014		SM-L123I_S5_L003_I2_001.fastq.gz	FASTQ	1770376152	50bafe94ee5088c110b4e6ef65c816f0	WXS; RNA-Seq	syn51271490									
file	phs002371	HTA5_1781_1004		SM-L123I_S5_L003_I2_001.fastq.gz	FASTQ	1770376152	50bafe94ee5088c110b4e6ef65c816f0	WXS; RNA-Seq	syn51271490									
file	phs002371	HTA5_1803_1004		SM-L123I_S5_L003_I2_001.fastq.gz	FASTQ	1770376152	50bafe94ee5088c110b4e6ef65c816f0	WXS; RNA-Seq	syn51271490									
file	phs002371	HTA5_1803_1004		SM-L123I_S5_L003_R1_001.fastq.gz	FASTQ	5640483663	25a02b79cdd110180639b112f9246bbb	WXS; RNA-Seq	syn51271480									
file	phs002371	HTA5_1977_1006		SM-L123I_S5_L003_R1_001.fastq.gz	FASTQ	5640483663	25a02b79cdd110180639b112f9246bbb	WXS; RNA-Seq	syn51271480									
file	phs002371	HTA5_1039_1014		SM-L123I_S5_L003_R1_001.fastq.gz	FASTQ	5640483663	25a02b79cdd110180639b112f9246bbb	WXS; RNA-Seq	syn51271480									
file	phs002371	HTA5_1039_1014		SM-L123I_S5_L003_R2_001.fastq.gz	FASTQ	12624062938	765a0aba60950f75770cfeeebbb2aaaa	WXS; RNA-Seq	syn51271481									
file	phs002371	HTA5_1803_1004		SM-L123I_S5_L003_R2_001.fastq.gz	FASTQ	12624062938	765a0aba60950f75770cfeeebbb2aaaa	WXS; RNA-Seq	syn51271481									
file	phs002371	HTA5_1781_1004		SM-L123I_S5_L003_R2_001.fastq.gz	FASTQ	12624062938	765a0aba60950f75770cfeeebbb2aaaa	WXS; RNA-Seq	syn51271481									
file	phs002371	HTA5_1803_1004		SM-L123I_S5_L004_I1_001.fastq.gz	FASTQ	1526676827	8dc12330c4dfefa0732bf55bcea7451f	WXS; RNA-Seq	syn51271520									
file	phs002371	HTA5_1039_1014		SM-L123I_S5_L004_I1_001.fastq.gz	FASTQ	1526676827	8dc12330c4dfefa0732bf55bcea7451f	WXS; RNA-Seq	syn51271520									
file	phs002371	HTA5_1977_1006		SM-L123I_S5_L004_I1_001.fastq.gz	FASTQ	1526676827	8dc12330c4dfefa0732bf55bcea7451f	WXS; RNA-Seq	syn51271520									
file	phs002371	HTA5_1977_1006		SM-L123I_S5_L004_I2_001.fastq.gz	FASTQ	1783225177	7229ed21286fc7f6868149ad260f9f39	WXS; RNA-Seq	syn51271491									
file	phs002371	HTA5_1039_1014		SM-L123I_S5_L004_I2_001.fastq.gz	FASTQ	1783225177	7229ed21286fc7f6868149ad260f9f39	WXS; RNA-Seq	syn51271491									
file	phs002371	HTA5_1781_1004		SM-L123I_S5_L004_I2_001.fastq.gz	FASTQ	1783225177	7229ed21286fc7f6868149ad260f9f39	WXS; RNA-Seq	syn51271491									
file	phs002371	HTA5_1039_1014		SM-L123I_S5_L004_R1_001.fastq.gz	FASTQ	5625458770	0b1b9cc32900543d7b8044344f69e0d5	WXS; RNA-Seq	syn51271483									
file	phs002371	HTA5_1977_1006		SM-L123I_S5_L004_R1_001.fastq.gz	FASTQ	5625458770	0b1b9cc32900543d7b8044344f69e0d5	WXS; RNA-Seq	syn51271483									
file	phs002371	HTA5_1781_1004		SM-L123I_S5_L004_R1_001.fastq.gz	FASTQ	5625458770	0b1b9cc32900543d7b8044344f69e0d5	WXS; RNA-Seq	syn51271483									
file	phs002371	HTA5_1781_1004		SM-L123I_S5_L004_R2_001.fastq.gz	FASTQ	12603286661	fbfe1c9f04c3e9b8b167ebca8a787bae	WXS; RNA-Seq	syn51271482									
file	phs002371	HTA5_1803_1004		SM-L123I_S5_L004_R2_001.fastq.gz	FASTQ	12603286661	fbfe1c9f04c3e9b8b167ebca8a787bae	WXS; RNA-Seq	syn51271482									
file	phs002371	HTA5_1039_1014		SM-L123I_S5_L004_R2_001.fastq.gz	FASTQ	12603286661	fbfe1c9f04c3e9b8b167ebca8a787bae	WXS; RNA-Seq	syn51271482									
file	phs002371	HTA5_1664_1008		SM-L123J_S4_L001_I1_001.fastq.gz	FASTQ	2088495495	3ae89c78ea57d55ed6a7e04c9a3bb477	WXS; RNA-Seq	syn51271287									
file	phs002371	HTA5_1135_1004		SM-L123J_S4_L001_I1_001.fastq.gz	FASTQ	2088495495	3ae89c78ea57d55ed6a7e04c9a3bb477	WXS; RNA-Seq	syn51271287									
file	phs002371	HTA5_1855_1004		SM-L123J_S4_L001_I1_001.fastq.gz	FASTQ	2088495495	3ae89c78ea57d55ed6a7e04c9a3bb477	WXS; RNA-Seq	syn51271287									
file	phs002371	HTA5_1135_1004		SM-L123J_S4_L001_I2_001.fastq.gz	FASTQ	2036773411	9ea11b68da2a43849c87dfe5482ef922	WXS; RNA-Seq	syn51271288									
file	phs002371	HTA5_1939_1006		SM-L123J_S4_L001_I2_001.fastq.gz	FASTQ	2036773411	9ea11b68da2a43849c87dfe5482ef922	WXS; RNA-Seq	syn51271288									
file	phs002371	HTA5_1664_1008		SM-L123J_S4_L001_I2_001.fastq.gz	FASTQ	2036773411	9ea11b68da2a43849c87dfe5482ef922	WXS; RNA-Seq	syn51271288									
file	phs002371	HTA5_1135_1004		SM-L123J_S4_L001_R1_001.fastq.gz	FASTQ	6678627674	3cb3a509c145fcfb6cd8963a0f23ef16	WXS; RNA-Seq	syn51271289									
file	phs002371	HTA5_1855_1004		SM-L123J_S4_L001_R1_001.fastq.gz	FASTQ	6678627674	3cb3a509c145fcfb6cd8963a0f23ef16	WXS; RNA-Seq	syn51271289									
file	phs002371	HTA5_1664_1008		SM-L123J_S4_L001_R1_001.fastq.gz	FASTQ	6678627674	3cb3a509c145fcfb6cd8963a0f23ef16	WXS; RNA-Seq	syn51271289									
file	phs002371	HTA5_1855_1004		SM-L123J_S4_L001_R2_001.fastq.gz	FASTQ	14842014108	4aad17f692ed31f52c7a50da3b7ea4d3	WXS; RNA-Seq	syn51271292									
file	phs002371	HTA5_1664_1008		SM-L123J_S4_L001_R2_001.fastq.gz	FASTQ	14842014108	4aad17f692ed31f52c7a50da3b7ea4d3	WXS; RNA-Seq	syn51271292									
file	phs002371	HTA5_1135_1004		SM-L123J_S4_L001_R2_001.fastq.gz	FASTQ	14842014108	4aad17f692ed31f52c7a50da3b7ea4d3	WXS; RNA-Seq	syn51271292									
file	phs002371	HTA5_1939_1006		SM-L123J_S4_L002_I1_001.fastq.gz	FASTQ	2083398449	0b1102818bbc5202c2ee6a1f0055ddb6	WXS; RNA-Seq	syn51271290									
file	phs002371	HTA5_1664_1008		SM-L123J_S4_L002_I1_001.fastq.gz	FASTQ	2083398449	0b1102818bbc5202c2ee6a1f0055ddb6	WXS; RNA-Seq	syn51271290									
file	phs002371	HTA5_1135_1004		SM-L123J_S4_L002_I1_001.fastq.gz	FASTQ	2083398449	0b1102818bbc5202c2ee6a1f0055ddb6	WXS; RNA-Seq	syn51271290									
file	phs002371	HTA5_1939_1006		SM-L123J_S4_L002_I2_001.fastq.gz	FASTQ	2066361317	171b97af2fd802be5f88ead1c5ca2b7f	WXS; RNA-Seq	syn51271291									
file	phs002371	HTA5_1135_1004		SM-L123J_S4_L002_I2_001.fastq.gz	FASTQ	2066361317	171b97af2fd802be5f88ead1c5ca2b7f	WXS; RNA-Seq	syn51271291									
file	phs002371	HTA5_1664_1008		SM-L123J_S4_L002_I2_001.fastq.gz	FASTQ	2066361317	171b97af2fd802be5f88ead1c5ca2b7f	WXS; RNA-Seq	syn51271291									
file	phs002371	HTA5_1939_1006		SM-L123J_S4_L002_R1_001.fastq.gz	FASTQ	6663505151	a9d6c701986239e3f6e5d4bf5648e804	WXS; RNA-Seq	syn51271300									
file	phs002371	HTA5_1664_1008		SM-L123J_S4_L002_R1_001.fastq.gz	FASTQ	6663505151	a9d6c701986239e3f6e5d4bf5648e804	WXS; RNA-Seq	syn51271300									
file	phs002371	HTA5_1135_1004		SM-L123J_S4_L002_R1_001.fastq.gz	FASTQ	6663505151	a9d6c701986239e3f6e5d4bf5648e804	WXS; RNA-Seq	syn51271300									
file	phs002371	HTA5_1135_1004		SM-L123J_S4_L002_R2_001.fastq.gz	FASTQ	14850429030	0b54caf3613a98ef2d573604284c24df	WXS; RNA-Seq	syn51271293									
file	phs002371	HTA5_1855_1004		SM-L123J_S4_L002_R2_001.fastq.gz	FASTQ	14850429030	0b54caf3613a98ef2d573604284c24df	WXS; RNA-Seq	syn51271293									
file	phs002371	HTA5_1664_1008		SM-L123J_S4_L002_R2_001.fastq.gz	FASTQ	14850429030	0b54caf3613a98ef2d573604284c24df	WXS; RNA-Seq	syn51271293									
file	phs002371	HTA5_1135_1004		SM-L123J_S4_L003_I1_001.fastq.gz	FASTQ	2079848815	d3b7b08fd04d20c162267ec22bd0c572	WXS; RNA-Seq	syn51271294									
file	phs002371	HTA5_1855_1004		SM-L123J_S4_L003_I1_001.fastq.gz	FASTQ	2079848815	d3b7b08fd04d20c162267ec22bd0c572	WXS; RNA-Seq	syn51271294									
file	phs002371	HTA5_1664_1008		SM-L123J_S4_L003_I1_001.fastq.gz	FASTQ	2079848815	d3b7b08fd04d20c162267ec22bd0c572	WXS; RNA-Seq	syn51271294									
file	phs002371	HTA5_1664_1008		SM-L123J_S4_L003_I2_001.fastq.gz	FASTQ	2004002453	ecaec26e332ec8024e653e85963c3b5e	WXS; RNA-Seq	syn51271295									
file	phs002371	HTA5_1135_1004		SM-L123J_S4_L003_I2_001.fastq.gz	FASTQ	2004002453	ecaec26e332ec8024e653e85963c3b5e	WXS; RNA-Seq	syn51271295									
file	phs002371	HTA5_1855_1004		SM-L123J_S4_L003_I2_001.fastq.gz	FASTQ	2004002453	ecaec26e332ec8024e653e85963c3b5e	WXS; RNA-Seq	syn51271295									
file	phs002371	HTA5_1664_1008		SM-L123J_S4_L003_R1_001.fastq.gz	FASTQ	6655620948	d255767c50d97866e28a2b8b8a66ef02	WXS; RNA-Seq	syn51271296									
file	phs002371	HTA5_1135_1004		SM-L123J_S4_L003_R1_001.fastq.gz	FASTQ	6655620948	d255767c50d97866e28a2b8b8a66ef02	WXS; RNA-Seq	syn51271296									
file	phs002371	HTA5_1939_1006		SM-L123J_S4_L003_R1_001.fastq.gz	FASTQ	6655620948	d255767c50d97866e28a2b8b8a66ef02	WXS; RNA-Seq	syn51271296									
file	phs002371	HTA5_1664_1008		SM-L123J_S4_L003_R2_001.fastq.gz	FASTQ	14789958325	f1542f8a5ab9ccce092bb8e85215db39	WXS; RNA-Seq	syn51271297									
file	phs002371	HTA5_1855_1004		SM-L123J_S4_L003_R2_001.fastq.gz	FASTQ	14789958325	f1542f8a5ab9ccce092bb8e85215db39	WXS; RNA-Seq	syn51271297									
file	phs002371	HTA5_1135_1004		SM-L123J_S4_L003_R2_001.fastq.gz	FASTQ	14789958325	f1542f8a5ab9ccce092bb8e85215db39	WXS; RNA-Seq	syn51271297									
file	phs002371	HTA5_1664_1008		SM-L123J_S4_L004_I1_001.fastq.gz	FASTQ	2072885981	1884bcb0c0a60ee2c05ae7594daac730	WXS; RNA-Seq	syn51271298									
file	phs002371	HTA5_1939_1006		SM-L123J_S4_L004_I1_001.fastq.gz	FASTQ	2072885981	1884bcb0c0a60ee2c05ae7594daac730	WXS; RNA-Seq	syn51271298									
file	phs002371	HTA5_1855_1004		SM-L123J_S4_L004_I1_001.fastq.gz	FASTQ	2072885981	1884bcb0c0a60ee2c05ae7594daac730	WXS; RNA-Seq	syn51271298									
file	phs002371	HTA5_1939_1006		SM-L123J_S4_L004_I2_001.fastq.gz	FASTQ	2024666005	ad83b2b01b60fe71e1ccea89266fc6f1	WXS; RNA-Seq	syn51271302									
file	phs002371	HTA5_1855_1004		SM-L123J_S4_L004_I2_001.fastq.gz	FASTQ	2024666005	ad83b2b01b60fe71e1ccea89266fc6f1	WXS; RNA-Seq	syn51271302									
file	phs002371	HTA5_1664_1008		SM-L123J_S4_L004_I2_001.fastq.gz	FASTQ	2024666005	ad83b2b01b60fe71e1ccea89266fc6f1	WXS; RNA-Seq	syn51271302									
file	phs002371	HTA5_1939_1006		SM-L123J_S4_L004_R1_001.fastq.gz	FASTQ	6633048605	b999e6530726d57b789593099d8b0f5e	WXS; RNA-Seq	syn51271299									
file	phs002371	HTA5_1855_1004		SM-L123J_S4_L004_R1_001.fastq.gz	FASTQ	6633048605	b999e6530726d57b789593099d8b0f5e	WXS; RNA-Seq	syn51271299									
file	phs002371	HTA5_1664_1008		SM-L123J_S4_L004_R1_001.fastq.gz	FASTQ	6633048605	b999e6530726d57b789593099d8b0f5e	WXS; RNA-Seq	syn51271299									
file	phs002371	HTA5_1855_1004		SM-L123J_S4_L004_R2_001.fastq.gz	FASTQ	14752000396	81e71ec3993daf9e500f7791da84006f	WXS; RNA-Seq	syn51271301									
file	phs002371	HTA5_1939_1006		SM-L123J_S4_L004_R2_001.fastq.gz	FASTQ	14752000396	81e71ec3993daf9e500f7791da84006f	WXS; RNA-Seq	syn51271301									
file	phs002371	HTA5_1135_1004		SM-L123J_S4_L004_R2_001.fastq.gz	FASTQ	14752000396	81e71ec3993daf9e500f7791da84006f	WXS; RNA-Seq	syn51271301									
file	phs002371	HTA5_1906_1006		SM-L123K_S3_L001_I1_001.fastq.gz	FASTQ	2178389669	01cd4b1fbaf75dcd14f102e485b55a26	WXS; RNA-Seq	syn51271438									
file	phs002371	HTA5_1587_1008		SM-L123K_S3_L001_I1_001.fastq.gz	FASTQ	2178389669	01cd4b1fbaf75dcd14f102e485b55a26	WXS; RNA-Seq	syn51271438									
file	phs002371	HTA5_1360_1006		SM-L123K_S3_L001_I1_001.fastq.gz	FASTQ	2178389669	01cd4b1fbaf75dcd14f102e485b55a26	WXS; RNA-Seq	syn51271438									
file	phs002371	HTA5_1587_1008		SM-L123K_S3_L001_I2_001.fastq.gz	FASTQ	2569184971	9c808330d9f33e6e98c14d659bae26cd	WXS; RNA-Seq	syn51271441									
file	phs002371	HTA5_1360_1006		SM-L123K_S3_L001_I2_001.fastq.gz	FASTQ	2569184971	9c808330d9f33e6e98c14d659bae26cd	WXS; RNA-Seq	syn51271441									
file	phs002371	HTA5_1906_1006		SM-L123K_S3_L001_I2_001.fastq.gz	FASTQ	2569184971	9c808330d9f33e6e98c14d659bae26cd	WXS; RNA-Seq	syn51271441									
file	phs002371	HTA5_1360_1006		SM-L123K_S3_L001_R1_001.fastq.gz	FASTQ	8178722469	a4e399b5b3f593114b4c5ad1635a56d0	WXS; RNA-Seq	syn51271439									
file	phs002371	HTA5_1361_1006		SM-L123K_S3_L001_R1_001.fastq.gz	FASTQ	8178722469	a4e399b5b3f593114b4c5ad1635a56d0	WXS; RNA-Seq	syn51271439									
file	phs002371	HTA5_1587_1008		SM-L123K_S3_L001_R1_001.fastq.gz	FASTQ	8178722469	a4e399b5b3f593114b4c5ad1635a56d0	WXS; RNA-Seq	syn51271439									
file	phs002371	HTA5_1906_1006		SM-L123K_S3_L001_R2_001.fastq.gz	FASTQ	18473245162	b46d506b4b3aecb3e9e7f2bbc4a5b440	WXS; RNA-Seq	syn51271440									
file	phs002371	HTA5_1361_1006		SM-L123K_S3_L001_R2_001.fastq.gz	FASTQ	18473245162	b46d506b4b3aecb3e9e7f2bbc4a5b440	WXS; RNA-Seq	syn51271440									
file	phs002371	HTA5_1587_1008		SM-L123K_S3_L001_R2_001.fastq.gz	FASTQ	18473245162	b46d506b4b3aecb3e9e7f2bbc4a5b440	WXS; RNA-Seq	syn51271440									
file	phs002371	HTA5_1361_1006		SM-L123K_S3_L002_I1_001.fastq.gz	FASTQ	2171999541	76cb2e5aa6ab9c886e8f8b4afc7b66a0	WXS; RNA-Seq	syn51271442									
file	phs002371	HTA5_1360_1006		SM-L123K_S3_L002_I1_001.fastq.gz	FASTQ	2171999541	76cb2e5aa6ab9c886e8f8b4afc7b66a0	WXS; RNA-Seq	syn51271442									
file	phs002371	HTA5_1587_1008		SM-L123K_S3_L002_I1_001.fastq.gz	FASTQ	2171999541	76cb2e5aa6ab9c886e8f8b4afc7b66a0	WXS; RNA-Seq	syn51271442									
file	phs002371	HTA5_1906_1006		SM-L123K_S3_L002_I2_001.fastq.gz	FASTQ	2624105704	353dc47648739c9b2772f2816d061fe1	WXS; RNA-Seq	syn51271444									
file	phs002371	HTA5_1360_1006		SM-L123K_S3_L002_I2_001.fastq.gz	FASTQ	2624105704	353dc47648739c9b2772f2816d061fe1	WXS; RNA-Seq	syn51271444									
file	phs002371	HTA5_1361_1006		SM-L123K_S3_L002_I2_001.fastq.gz	FASTQ	2624105704	353dc47648739c9b2772f2816d061fe1	WXS; RNA-Seq	syn51271444									
file	phs002371	HTA5_1361_1006		SM-L123K_S3_L002_R1_001.fastq.gz	FASTQ	8166724730	b8f64e7a0d6b1b1ba9a7e45a4de1538b	WXS; RNA-Seq	syn51271445									
file	phs002371	HTA5_1906_1006		SM-L123K_S3_L002_R1_001.fastq.gz	FASTQ	8166724730	b8f64e7a0d6b1b1ba9a7e45a4de1538b	WXS; RNA-Seq	syn51271445									
file	phs002371	HTA5_1587_1008		SM-L123K_S3_L002_R1_001.fastq.gz	FASTQ	8166724730	b8f64e7a0d6b1b1ba9a7e45a4de1538b	WXS; RNA-Seq	syn51271445									
file	phs002371	HTA5_1360_1006		SM-L123K_S3_L002_R2_001.fastq.gz	FASTQ	18498147128	5dd1c99b6aca3088ae2f304358cc4c2e	WXS; RNA-Seq	syn51271446									
file	phs002371	HTA5_1361_1006		SM-L123K_S3_L002_R2_001.fastq.gz	FASTQ	18498147128	5dd1c99b6aca3088ae2f304358cc4c2e	WXS; RNA-Seq	syn51271446									
file	phs002371	HTA5_1906_1006		SM-L123K_S3_L002_R2_001.fastq.gz	FASTQ	18498147128	5dd1c99b6aca3088ae2f304358cc4c2e	WXS; RNA-Seq	syn51271446									
file	phs002371	HTA5_1360_1006		SM-L123K_S3_L003_I1_001.fastq.gz	FASTQ	2173420957	b525c6092575886c5ad34bd805ac0bd9	WXS; RNA-Seq	syn51271447									
file	phs002371	HTA5_1906_1006		SM-L123K_S3_L003_I1_001.fastq.gz	FASTQ	2173420957	b525c6092575886c5ad34bd805ac0bd9	WXS; RNA-Seq	syn51271447									
file	phs002371	HTA5_1361_1006		SM-L123K_S3_L003_I1_001.fastq.gz	FASTQ	2173420957	b525c6092575886c5ad34bd805ac0bd9	WXS; RNA-Seq	syn51271447									
file	phs002371	HTA5_1906_1006		SM-L123K_S3_L003_I2_001.fastq.gz	FASTQ	2539689717	ae3b292ee5f24fadda2b3f063f7ac065	WXS; RNA-Seq	syn51271451									
file	phs002371	HTA5_1587_1008		SM-L123K_S3_L003_I2_001.fastq.gz	FASTQ	2539689717	ae3b292ee5f24fadda2b3f063f7ac065	WXS; RNA-Seq	syn51271451									
file	phs002371	HTA5_1361_1006		SM-L123K_S3_L003_I2_001.fastq.gz	FASTQ	2539689717	ae3b292ee5f24fadda2b3f063f7ac065	WXS; RNA-Seq	syn51271451									
file	phs002371	HTA5_1906_1006		SM-L123K_S3_L003_R1_001.fastq.gz	FASTQ	8155519783	b9b1448352fb19a87908718a1f1cc124	WXS; RNA-Seq	syn51271449									
file	phs002371	HTA5_1361_1006		SM-L123K_S3_L003_R1_001.fastq.gz	FASTQ	8155519783	b9b1448352fb19a87908718a1f1cc124	WXS; RNA-Seq	syn51271449									
file	phs002371	HTA5_1587_1008		SM-L123K_S3_L003_R1_001.fastq.gz	FASTQ	8155519783	b9b1448352fb19a87908718a1f1cc124	WXS; RNA-Seq	syn51271449									
file	phs002371	HTA5_1587_1008		SM-L123K_S3_L003_R2_001.fastq.gz	FASTQ	18416295978	4ba7fdc80649d7e0d897ee4c8ccc7e8a	WXS; RNA-Seq	syn51271450									
file	phs002371	HTA5_1906_1006		SM-L123K_S3_L003_R2_001.fastq.gz	FASTQ	18416295978	4ba7fdc80649d7e0d897ee4c8ccc7e8a	WXS; RNA-Seq	syn51271450									
file	phs002371	HTA5_1360_1006		SM-L123K_S3_L003_R2_001.fastq.gz	FASTQ	18416295978	4ba7fdc80649d7e0d897ee4c8ccc7e8a	WXS; RNA-Seq	syn51271450									
file	phs002371	HTA5_1361_1006		SM-L123K_S3_L004_I1_001.fastq.gz	FASTQ	2171618477	a8e2d3b9da414a22af43f456c98a8172	WXS; RNA-Seq	syn51271452									
file	phs002371	HTA5_1360_1006		SM-L123K_S3_L004_I1_001.fastq.gz	FASTQ	2171618477	a8e2d3b9da414a22af43f456c98a8172	WXS; RNA-Seq	syn51271452									
file	phs002371	HTA5_1587_1008		SM-L123K_S3_L004_I1_001.fastq.gz	FASTQ	2171618477	a8e2d3b9da414a22af43f456c98a8172	WXS; RNA-Seq	syn51271452									
file	phs002371	HTA5_1360_1006		SM-L123K_S3_L004_I2_001.fastq.gz	FASTQ	2570134151	f9b25391074ddcdbcd0daf8ad8f55119	WXS; RNA-Seq	syn51271455									
file	phs002371	HTA5_1587_1008		SM-L123K_S3_L004_I2_001.fastq.gz	FASTQ	2570134151	f9b25391074ddcdbcd0daf8ad8f55119	WXS; RNA-Seq	syn51271455									
file	phs002371	HTA5_1906_1006		SM-L123K_S3_L004_I2_001.fastq.gz	FASTQ	2570134151	f9b25391074ddcdbcd0daf8ad8f55119	WXS; RNA-Seq	syn51271455									
file	phs002371	HTA5_1360_1006		SM-L123K_S3_L004_R1_001.fastq.gz	FASTQ	8129931885	16e8dc8a52173331a93c0fd5b33ceea0	WXS; RNA-Seq	syn51271453									
file	phs002371	HTA5_1361_1006		SM-L123K_S3_L004_R1_001.fastq.gz	FASTQ	8129931885	16e8dc8a52173331a93c0fd5b33ceea0	WXS; RNA-Seq	syn51271453									
file	phs002371	HTA5_1587_1008		SM-L123K_S3_L004_R1_001.fastq.gz	FASTQ	8129931885	16e8dc8a52173331a93c0fd5b33ceea0	WXS; RNA-Seq	syn51271453									
file	phs002371	HTA5_1360_1006		SM-L123K_S3_L004_R2_001.fastq.gz	FASTQ	18377350849	b826ae9cd3b289016f82b3a4e742ef52	WXS; RNA-Seq	syn51271454									
file	phs002371	HTA5_1587_1008		SM-L123K_S3_L004_R2_001.fastq.gz	FASTQ	18377350849	b826ae9cd3b289016f82b3a4e742ef52	WXS; RNA-Seq	syn51271454									
file	phs002371	HTA5_1361_1006		SM-L123K_S3_L004_R2_001.fastq.gz	FASTQ	18377350849	b826ae9cd3b289016f82b3a4e742ef52	WXS; RNA-Seq	syn51271454									
file	phs002371	HTA5_1348_1001		SM-L123L_S1_L001_I1_001.fastq.gz	FASTQ	2382603862	c38ae03ba936a4a5ee5bc9bf77f3bb6a	WXS; RNA-Seq	syn51271382									
file	phs002371	HTA5_1430_1001		SM-L123L_S1_L001_I1_001.fastq.gz	FASTQ	2382603862	c38ae03ba936a4a5ee5bc9bf77f3bb6a	WXS; RNA-Seq	syn51271382									
file	phs002371	HTA5_1678_1001		SM-L123L_S1_L001_I1_001.fastq.gz	FASTQ	2382603862	c38ae03ba936a4a5ee5bc9bf77f3bb6a	WXS; RNA-Seq	syn51271382									
file	phs002371	HTA5_1678_1001		SM-L123L_S1_L001_I2_001.fastq.gz	FASTQ	1913418890	e560dbaecd1e319e9481585c43872eda	WXS; RNA-Seq	syn51271383									
file	phs002371	HTA5_1348_1001		SM-L123L_S1_L001_I2_001.fastq.gz	FASTQ	1913418890	e560dbaecd1e319e9481585c43872eda	WXS; RNA-Seq	syn51271383									
file	phs002371	HTA5_1649_1001		SM-L123L_S1_L001_I2_001.fastq.gz	FASTQ	1913418890	e560dbaecd1e319e9481585c43872eda	WXS; RNA-Seq	syn51271383									
file	phs002371	HTA5_1678_1001		SM-L123L_S1_L001_R1_001.fastq.gz	FASTQ	6393649715	520c9e5b06e0f3972fef47a99dfe2a5a	WXS; RNA-Seq	syn51271385									
file	phs002371	HTA5_1649_1001		SM-L123L_S1_L001_R1_001.fastq.gz	FASTQ	6393649715	520c9e5b06e0f3972fef47a99dfe2a5a	WXS; RNA-Seq	syn51271385									
file	phs002371	HTA5_1348_1001		SM-L123L_S1_L001_R1_001.fastq.gz	FASTQ	6393649715	520c9e5b06e0f3972fef47a99dfe2a5a	WXS; RNA-Seq	syn51271385									
file	phs002371	HTA5_1348_1001		SM-L123L_S1_L001_R2_001.fastq.gz	FASTQ	14363477006	15e65eac3da961fa2b6175df80746770	WXS; RNA-Seq	syn51271384									
file	phs002371	HTA5_1649_1001		SM-L123L_S1_L001_R2_001.fastq.gz	FASTQ	14363477006	15e65eac3da961fa2b6175df80746770	WXS; RNA-Seq	syn51271384									
file	phs002371	HTA5_1430_1001		SM-L123L_S1_L001_R2_001.fastq.gz	FASTQ	14363477006	15e65eac3da961fa2b6175df80746770	WXS; RNA-Seq	syn51271384									
file	phs002371	HTA5_1678_1001		SM-L123L_S1_L002_I1_001.fastq.gz	FASTQ	2376726723	68e9d573fc6e2b931c98927851852355	WXS; RNA-Seq	syn51271386									
file	phs002371	HTA5_1430_1001		SM-L123L_S1_L002_I1_001.fastq.gz	FASTQ	2376726723	68e9d573fc6e2b931c98927851852355	WXS; RNA-Seq	syn51271386									
file	phs002371	HTA5_1348_1001		SM-L123L_S1_L002_I1_001.fastq.gz	FASTQ	2376726723	68e9d573fc6e2b931c98927851852355	WXS; RNA-Seq	syn51271386									
file	phs002371	HTA5_1348_1001		SM-L123L_S1_L002_I2_001.fastq.gz	FASTQ	1936174769	e112a503f34ba49e1fd002578eb8be3a	WXS; RNA-Seq	syn51271387									
file	phs002371	HTA5_1649_1001		SM-L123L_S1_L002_I2_001.fastq.gz	FASTQ	1936174769	e112a503f34ba49e1fd002578eb8be3a	WXS; RNA-Seq	syn51271387									
file	phs002371	HTA5_1678_1001		SM-L123L_S1_L002_I2_001.fastq.gz	FASTQ	1936174769	e112a503f34ba49e1fd002578eb8be3a	WXS; RNA-Seq	syn51271387									
file	phs002371	HTA5_1430_1001		SM-L123L_S1_L002_R1_001.fastq.gz	FASTQ	6372060322	e1bcf191d2f44ef06756d1af12839260	WXS; RNA-Seq	syn51271388									
file	phs002371	HTA5_1348_1001		SM-L123L_S1_L002_R1_001.fastq.gz	FASTQ	6372060322	e1bcf191d2f44ef06756d1af12839260	WXS; RNA-Seq	syn51271388									
file	phs002371	HTA5_1678_1001		SM-L123L_S1_L002_R1_001.fastq.gz	FASTQ	6372060322	e1bcf191d2f44ef06756d1af12839260	WXS; RNA-Seq	syn51271388									
file	phs002371	HTA5_1678_1001		SM-L123L_S1_L002_R2_001.fastq.gz	FASTQ	14351929958	f2937c1b156047e5acb3306728ea7b0d	WXS; RNA-Seq	syn51271389									
file	phs002371	HTA5_1649_1001		SM-L123L_S1_L002_R2_001.fastq.gz	FASTQ	14351929958	f2937c1b156047e5acb3306728ea7b0d	WXS; RNA-Seq	syn51271389									
file	phs002371	HTA5_1430_1001		SM-L123L_S1_L002_R2_001.fastq.gz	FASTQ	14351929958	f2937c1b156047e5acb3306728ea7b0d	WXS; RNA-Seq	syn51271389									
file	phs002371	HTA5_1348_1001		SM-L123L_S1_L003_I1_001.fastq.gz	FASTQ	2380252798	95505eb38e11b4b2fdb0741d89f0ae40	WXS; RNA-Seq	syn51271390									
file	phs002371	HTA5_1678_1001		SM-L123L_S1_L003_I1_001.fastq.gz	FASTQ	2380252798	95505eb38e11b4b2fdb0741d89f0ae40	WXS; RNA-Seq	syn51271390									
file	phs002371	HTA5_1430_1001		SM-L123L_S1_L003_I1_001.fastq.gz	FASTQ	2380252798	95505eb38e11b4b2fdb0741d89f0ae40	WXS; RNA-Seq	syn51271390									
file	phs002371	HTA5_1649_1001		SM-L123L_S1_L003_I2_001.fastq.gz	FASTQ	1895681359	0532ebd923496e78f13654eeabf190ae	WXS; RNA-Seq	syn51271391									
file	phs002371	HTA5_1348_1001		SM-L123L_S1_L003_I2_001.fastq.gz	FASTQ	1895681359	0532ebd923496e78f13654eeabf190ae	WXS; RNA-Seq	syn51271391									
file	phs002371	HTA5_1678_1001		SM-L123L_S1_L003_I2_001.fastq.gz	FASTQ	1895681359	0532ebd923496e78f13654eeabf190ae	WXS; RNA-Seq	syn51271391									
file	phs002371	HTA5_1678_1001		SM-L123L_S1_L003_R1_001.fastq.gz	FASTQ	6371713829	56d911fe7ebc94308a3c1208c779b244	WXS; RNA-Seq	syn51271392									
file	phs002371	HTA5_1430_1001		SM-L123L_S1_L003_R1_001.fastq.gz	FASTQ	6371713829	56d911fe7ebc94308a3c1208c779b244	WXS; RNA-Seq	syn51271392									
file	phs002371	HTA5_1649_1001		SM-L123L_S1_L003_R1_001.fastq.gz	FASTQ	6371713829	56d911fe7ebc94308a3c1208c779b244	WXS; RNA-Seq	syn51271392									
file	phs002371	HTA5_1430_1001		SM-L123L_S1_L003_R2_001.fastq.gz	FASTQ	14306836024	34d5709bec6ab7c9e22e6489efa1ed4a	WXS; RNA-Seq	syn51271393									
file	phs002371	HTA5_1678_1001		SM-L123L_S1_L003_R2_001.fastq.gz	FASTQ	14306836024	34d5709bec6ab7c9e22e6489efa1ed4a	WXS; RNA-Seq	syn51271393									
file	phs002371	HTA5_1649_1001		SM-L123L_S1_L003_R2_001.fastq.gz	FASTQ	14306836024	34d5709bec6ab7c9e22e6489efa1ed4a	WXS; RNA-Seq	syn51271393									
file	phs002371	HTA5_1678_1001		SM-L123L_S1_L004_I1_001.fastq.gz	FASTQ	2374322442	f3efeaf63a61c4bc075858dcf1e53d86	WXS; RNA-Seq	syn51271394									
file	phs002371	HTA5_1348_1001		SM-L123L_S1_L004_I1_001.fastq.gz	FASTQ	2374322442	f3efeaf63a61c4bc075858dcf1e53d86	WXS; RNA-Seq	syn51271394									
file	phs002371	HTA5_1430_1001		SM-L123L_S1_L004_I1_001.fastq.gz	FASTQ	2374322442	f3efeaf63a61c4bc075858dcf1e53d86	WXS; RNA-Seq	syn51271394									
file	phs002371	HTA5_1430_1001		SM-L123L_S1_L004_I2_001.fastq.gz	FASTQ	1907055635	a1fb7b47d60c2e176a935ec85fb8564d	WXS; RNA-Seq	syn51271395									
file	phs002371	HTA5_1678_1001		SM-L123L_S1_L004_I2_001.fastq.gz	FASTQ	1907055635	a1fb7b47d60c2e176a935ec85fb8564d	WXS; RNA-Seq	syn51271395									
file	phs002371	HTA5_1348_1001		SM-L123L_S1_L004_I2_001.fastq.gz	FASTQ	1907055635	a1fb7b47d60c2e176a935ec85fb8564d	WXS; RNA-Seq	syn51271395									
file	phs002371	HTA5_1348_1001		SM-L123L_S1_L004_R1_001.fastq.gz	FASTQ	6352863889	529b6890dfadfcf1c6833af23e5b7307	WXS; RNA-Seq	syn51271396									
file	phs002371	HTA5_1649_1001		SM-L123L_S1_L004_R1_001.fastq.gz	FASTQ	6352863889	529b6890dfadfcf1c6833af23e5b7307	WXS; RNA-Seq	syn51271396									
file	phs002371	HTA5_1430_1001		SM-L123L_S1_L004_R1_001.fastq.gz	FASTQ	6352863889	529b6890dfadfcf1c6833af23e5b7307	WXS; RNA-Seq	syn51271396									
file	phs002371	HTA5_1678_1001		SM-L123L_S1_L004_R2_001.fastq.gz	FASTQ	14281630697	fe98370ee67dc0551cd5e3f956313770	WXS; RNA-Seq	syn51271397									
file	phs002371	HTA5_1430_1001		SM-L123L_S1_L004_R2_001.fastq.gz	FASTQ	14281630697	fe98370ee67dc0551cd5e3f956313770	WXS; RNA-Seq	syn51271397									
file	phs002371	HTA5_1649_1001		SM-L123L_S1_L004_R2_001.fastq.gz	FASTQ	14281630697	fe98370ee67dc0551cd5e3f956313770	WXS; RNA-Seq	syn51271397									
file	phs002371	HTA5_1314_1001		SM-L123M_S2_L001_I1_001.fastq.gz	FASTQ	1961263513	807575889a47ef2a2c5db1bfbc836cbd	WXS; RNA-Seq	syn51271361									
file	phs002371	HTA5_1876_1001		SM-L123M_S2_L001_I1_001.fastq.gz	FASTQ	1961263513	807575889a47ef2a2c5db1bfbc836cbd	WXS; RNA-Seq	syn51271361									
file	phs002371	HTA5_1703_1001		SM-L123M_S2_L001_I1_001.fastq.gz	FASTQ	1961263513	807575889a47ef2a2c5db1bfbc836cbd	WXS; RNA-Seq	syn51271361									
file	phs002371	HTA5_1703_1001		SM-L123M_S2_L001_I2_001.fastq.gz	FASTQ	2046464197	084e0fd6c94a07c1d4a045816d137d5d	WXS; RNA-Seq	syn51271362									
file	phs002371	HTA5_1314_1001		SM-L123M_S2_L001_I2_001.fastq.gz	FASTQ	2046464197	084e0fd6c94a07c1d4a045816d137d5d	WXS; RNA-Seq	syn51271362									
file	phs002371	HTA5_1904_1001		SM-L123M_S2_L001_I2_001.fastq.gz	FASTQ	2046464197	084e0fd6c94a07c1d4a045816d137d5d	WXS; RNA-Seq	syn51271362									
file	phs002371	HTA5_1703_1001		SM-L123M_S2_L001_R1_001.fastq.gz	FASTQ	6790997822	97839e2f2c90e4417af70f4f99f7fb2f	WXS; RNA-Seq	syn51271363									
file	phs002371	HTA5_1904_1001		SM-L123M_S2_L001_R1_001.fastq.gz	FASTQ	6790997822	97839e2f2c90e4417af70f4f99f7fb2f	WXS; RNA-Seq	syn51271363									
file	phs002371	HTA5_1314_1001		SM-L123M_S2_L001_R1_001.fastq.gz	FASTQ	6790997822	97839e2f2c90e4417af70f4f99f7fb2f	WXS; RNA-Seq	syn51271363									
file	phs002371	HTA5_1904_1001		SM-L123M_S2_L001_R2_001.fastq.gz	FASTQ	15491773690	c9dec741682ee1eb91256de6c2f17ac6	WXS; RNA-Seq	syn51271364									
file	phs002371	HTA5_1314_1001		SM-L123M_S2_L001_R2_001.fastq.gz	FASTQ	15491773690	c9dec741682ee1eb91256de6c2f17ac6	WXS; RNA-Seq	syn51271364									
file	phs002371	HTA5_1876_1001		SM-L123M_S2_L001_R2_001.fastq.gz	FASTQ	15491773690	c9dec741682ee1eb91256de6c2f17ac6	WXS; RNA-Seq	syn51271364									
file	phs002371	HTA5_1876_1001		SM-L123M_S2_L002_I1_001.fastq.gz	FASTQ	1954558956	368936f0c3da5f370a74853203a999fa	WXS; RNA-Seq	syn51271365									
file	phs002371	HTA5_1904_1001		SM-L123M_S2_L002_I1_001.fastq.gz	FASTQ	1954558956	368936f0c3da5f370a74853203a999fa	WXS; RNA-Seq	syn51271365									
file	phs002371	HTA5_1703_1001		SM-L123M_S2_L002_I1_001.fastq.gz	FASTQ	1954558956	368936f0c3da5f370a74853203a999fa	WXS; RNA-Seq	syn51271365									
file	phs002371	HTA5_1314_1001		SM-L123M_S2_L002_I2_001.fastq.gz	FASTQ	2083804515	60c37d102932616b8e9782d5adfcdb9a	WXS; RNA-Seq	syn51271366									
file	phs002371	HTA5_1876_1001		SM-L123M_S2_L002_I2_001.fastq.gz	FASTQ	2083804515	60c37d102932616b8e9782d5adfcdb9a	WXS; RNA-Seq	syn51271366									
file	phs002371	HTA5_1703_1001		SM-L123M_S2_L002_I2_001.fastq.gz	FASTQ	2083804515	60c37d102932616b8e9782d5adfcdb9a	WXS; RNA-Seq	syn51271366									
file	phs002371	HTA5_1876_1001		SM-L123M_S2_L002_R1_001.fastq.gz	FASTQ	6783532801	aeb556c427fdf7bfd531690091d7d0ec	WXS; RNA-Seq	syn51271367									
file	phs002371	HTA5_1314_1001		SM-L123M_S2_L002_R1_001.fastq.gz	FASTQ	6783532801	aeb556c427fdf7bfd531690091d7d0ec	WXS; RNA-Seq	syn51271367									
file	phs002371	HTA5_1703_1001		SM-L123M_S2_L002_R1_001.fastq.gz	FASTQ	6783532801	aeb556c427fdf7bfd531690091d7d0ec	WXS; RNA-Seq	syn51271367									
file	phs002371	HTA5_1314_1001		SM-L123M_S2_L002_R2_001.fastq.gz	FASTQ	15526283912	1f26165e834ddf3d70adbb4fff11043c	WXS; RNA-Seq	syn51271368									
file	phs002371	HTA5_1876_1001		SM-L123M_S2_L002_R2_001.fastq.gz	FASTQ	15526283912	1f26165e834ddf3d70adbb4fff11043c	WXS; RNA-Seq	syn51271368									
file	phs002371	HTA5_1904_1001		SM-L123M_S2_L002_R2_001.fastq.gz	FASTQ	15526283912	1f26165e834ddf3d70adbb4fff11043c	WXS; RNA-Seq	syn51271368									
file	phs002371	HTA5_1876_1001		SM-L123M_S2_L003_I1_001.fastq.gz	FASTQ	1950324250	9033348e72a6e6cfa8497d314ac02cb4	WXS; RNA-Seq	syn51271369									
file	phs002371	HTA5_1703_1001		SM-L123M_S2_L003_I1_001.fastq.gz	FASTQ	1950324250	9033348e72a6e6cfa8497d314ac02cb4	WXS; RNA-Seq	syn51271369									
file	phs002371	HTA5_1904_1001		SM-L123M_S2_L003_I1_001.fastq.gz	FASTQ	1950324250	9033348e72a6e6cfa8497d314ac02cb4	WXS; RNA-Seq	syn51271369									
file	phs002371	HTA5_1703_1001		SM-L123M_S2_L003_I2_001.fastq.gz	FASTQ	2015700552	177e2065f6473f3d60c5e9b8c77a7a44	WXS; RNA-Seq	syn51271370									
file	phs002371	HTA5_1314_1001		SM-L123M_S2_L003_I2_001.fastq.gz	FASTQ	2015700552	177e2065f6473f3d60c5e9b8c77a7a44	WXS; RNA-Seq	syn51271370									
file	phs002371	HTA5_1876_1001		SM-L123M_S2_L003_I2_001.fastq.gz	FASTQ	2015700552	177e2065f6473f3d60c5e9b8c77a7a44	WXS; RNA-Seq	syn51271370									
file	phs002371	HTA5_1703_1001		SM-L123M_S2_L003_R1_001.fastq.gz	FASTQ	6773728658	07b75bac38af22b9a8fcc36f5472287d	WXS; RNA-Seq	syn51271371									
file	phs002371	HTA5_1904_1001		SM-L123M_S2_L003_R1_001.fastq.gz	FASTQ	6773728658	07b75bac38af22b9a8fcc36f5472287d	WXS; RNA-Seq	syn51271371									
file	phs002371	HTA5_1876_1001		SM-L123M_S2_L003_R1_001.fastq.gz	FASTQ	6773728658	07b75bac38af22b9a8fcc36f5472287d	WXS; RNA-Seq	syn51271371									
file	phs002371	HTA5_1876_1001		SM-L123M_S2_L003_R2_001.fastq.gz	FASTQ	15442703779	19a0cbe93c2c1a68ffd241313a36ebbb	WXS; RNA-Seq	syn51271372									
file	phs002371	HTA5_1703_1001		SM-L123M_S2_L003_R2_001.fastq.gz	FASTQ	15442703779	19a0cbe93c2c1a68ffd241313a36ebbb	WXS; RNA-Seq	syn51271372									
file	phs002371	HTA5_1904_1001		SM-L123M_S2_L003_R2_001.fastq.gz	FASTQ	15442703779	19a0cbe93c2c1a68ffd241313a36ebbb	WXS; RNA-Seq	syn51271372									
file	phs002371	HTA5_1314_1001		SM-L123M_S2_L004_I1_001.fastq.gz	FASTQ	1951798200	c1e61edabe1a21948e16d8eae2013852	WXS; RNA-Seq	syn51271373									
file	phs002371	HTA5_1703_1001		SM-L123M_S2_L004_I1_001.fastq.gz	FASTQ	1951798200	c1e61edabe1a21948e16d8eae2013852	WXS; RNA-Seq	syn51271373									
file	phs002371	HTA5_1876_1001		SM-L123M_S2_L004_I1_001.fastq.gz	FASTQ	1951798200	c1e61edabe1a21948e16d8eae2013852	WXS; RNA-Seq	syn51271373									
file	phs002371	HTA5_1314_1001		SM-L123M_S2_L004_I2_001.fastq.gz	FASTQ	2042772716	8290e3b321f97ff3a17033fe8e101bbe	WXS; RNA-Seq	syn51271374									
file	phs002371	HTA5_1904_1001		SM-L123M_S2_L004_I2_001.fastq.gz	FASTQ	2042772716	8290e3b321f97ff3a17033fe8e101bbe	WXS; RNA-Seq	syn51271374									
file	phs002371	HTA5_1703_1001		SM-L123M_S2_L004_I2_001.fastq.gz	FASTQ	2042772716	8290e3b321f97ff3a17033fe8e101bbe	WXS; RNA-Seq	syn51271374									
file	phs002371	HTA5_1904_1001		SM-L123M_S2_L004_R1_001.fastq.gz	FASTQ	6753238009	7ba15cb9705e0939da2b1161e4e25f63	WXS; RNA-Seq	syn51271375									
file	phs002371	HTA5_1703_1001		SM-L123M_S2_L004_R1_001.fastq.gz	FASTQ	6753238009	7ba15cb9705e0939da2b1161e4e25f63	WXS; RNA-Seq	syn51271375									
file	phs002371	HTA5_1314_1001		SM-L123M_S2_L004_R1_001.fastq.gz	FASTQ	6753238009	7ba15cb9705e0939da2b1161e4e25f63	WXS; RNA-Seq	syn51271375									
file	phs002371	HTA5_1314_1001		SM-L123M_S2_L004_R2_001.fastq.gz	FASTQ	15420228626	1f8d9b02ed4b0be1f15970a76846d556	WXS; RNA-Seq	syn51271376									
file	phs002371	HTA5_1904_1001		SM-L123M_S2_L004_R2_001.fastq.gz	FASTQ	15420228626	1f8d9b02ed4b0be1f15970a76846d556	WXS; RNA-Seq	syn51271376									
file	phs002371	HTA5_1876_1001		SM-L123M_S2_L004_R2_001.fastq.gz	FASTQ	15420228626	1f8d9b02ed4b0be1f15970a76846d556	WXS; RNA-Seq	syn51271376									
file	phs002371	HTA5_1898_1004		SM-L123N_S9_L001_I1_001.fastq.gz	FASTQ	1896741712	f62f4330f9124bbc0a0c3967db0beb31	WXS; RNA-Seq	syn51271272									
file	phs002371	HTA5_1107_1004		SM-L123N_S9_L001_I1_001.fastq.gz	FASTQ	1896741712	f62f4330f9124bbc0a0c3967db0beb31	WXS; RNA-Seq	syn51271272									
file	phs002371	HTA5_1299_1004		SM-L123N_S9_L001_I1_001.fastq.gz	FASTQ	1896741712	f62f4330f9124bbc0a0c3967db0beb31	WXS; RNA-Seq	syn51271272									
file	phs002371	HTA5_1299_1004		SM-L123N_S9_L001_I2_001.fastq.gz	FASTQ	1718718111	ea0ecdece7718215a5b91713fdc3a7a8	WXS; RNA-Seq	syn51271269									
file	phs002371	HTA5_1898_1004		SM-L123N_S9_L001_I2_001.fastq.gz	FASTQ	1718718111	ea0ecdece7718215a5b91713fdc3a7a8	WXS; RNA-Seq	syn51271269									
file	phs002371	HTA5_1107_1004		SM-L123N_S9_L001_I2_001.fastq.gz	FASTQ	1718718111	ea0ecdece7718215a5b91713fdc3a7a8	WXS; RNA-Seq	syn51271269									
file	phs002371	HTA5_1107_1004		SM-L123N_S9_L001_R1_001.fastq.gz	FASTQ	5834678530	f25b9121389399d745640b21b590fda4	WXS; RNA-Seq	syn51271270									
file	phs002371	HTA5_1299_1004		SM-L123N_S9_L001_R1_001.fastq.gz	FASTQ	5834678530	f25b9121389399d745640b21b590fda4	WXS; RNA-Seq	syn51271270									
file	phs002371	HTA5_1898_1004		SM-L123N_S9_L001_R1_001.fastq.gz	FASTQ	5834678530	f25b9121389399d745640b21b590fda4	WXS; RNA-Seq	syn51271270									
file	phs002371	HTA5_1107_1004		SM-L123N_S9_L001_R2_001.fastq.gz	FASTQ	13191512555	0b210d3f7f64ab5d8e5b00a8f7c65fca	WXS; RNA-Seq	syn51271271									
file	phs002371	HTA5_1898_1004		SM-L123N_S9_L001_R2_001.fastq.gz	FASTQ	13191512555	0b210d3f7f64ab5d8e5b00a8f7c65fca	WXS; RNA-Seq	syn51271271									
file	phs002371	HTA5_1299_1004		SM-L123N_S9_L001_R2_001.fastq.gz	FASTQ	13191512555	0b210d3f7f64ab5d8e5b00a8f7c65fca	WXS; RNA-Seq	syn51271271									
file	phs002371	HTA5_1299_1004		SM-L123N_S9_L002_I1_001.fastq.gz	FASTQ	1892153881	d677cd4cb291aee98715ea6893bbbbe6	WXS; RNA-Seq	syn51271279									
file	phs002371	HTA5_1405_1004		SM-L123N_S9_L002_I1_001.fastq.gz	FASTQ	1892153881	d677cd4cb291aee98715ea6893bbbbe6	WXS; RNA-Seq	syn51271279									
file	phs002371	HTA5_1898_1004		SM-L123N_S9_L002_I1_001.fastq.gz	FASTQ	1892153881	d677cd4cb291aee98715ea6893bbbbe6	WXS; RNA-Seq	syn51271279									
file	phs002371	HTA5_1107_1004		SM-L123N_S9_L002_I2_001.fastq.gz	FASTQ	1740403555	d9fb4738a8ffb12a7de47d1818da1f8c	WXS; RNA-Seq	syn51271273									
file	phs002371	HTA5_1898_1004		SM-L123N_S9_L002_I2_001.fastq.gz	FASTQ	1740403555	d9fb4738a8ffb12a7de47d1818da1f8c	WXS; RNA-Seq	syn51271273									
file	phs002371	HTA5_1299_1004		SM-L123N_S9_L002_I2_001.fastq.gz	FASTQ	1740403555	d9fb4738a8ffb12a7de47d1818da1f8c	WXS; RNA-Seq	syn51271273									
file	phs002371	HTA5_1107_1004		SM-L123N_S9_L002_R1_001.fastq.gz	FASTQ	5817792176	4eb40221a275386770f3b935cf0e626d	WXS; RNA-Seq	syn51271275									
file	phs002371	HTA5_1299_1004		SM-L123N_S9_L002_R1_001.fastq.gz	FASTQ	5817792176	4eb40221a275386770f3b935cf0e626d	WXS; RNA-Seq	syn51271275									
file	phs002371	HTA5_1898_1004		SM-L123N_S9_L002_R1_001.fastq.gz	FASTQ	5817792176	4eb40221a275386770f3b935cf0e626d	WXS; RNA-Seq	syn51271275									
file	phs002371	HTA5_1107_1004		SM-L123N_S9_L002_R2_001.fastq.gz	FASTQ	13188472713	1a59b5fed9b0396c0417c09fdfab70b8	WXS; RNA-Seq	syn51271280									
file	phs002371	HTA5_1405_1004		SM-L123N_S9_L002_R2_001.fastq.gz	FASTQ	13188472713	1a59b5fed9b0396c0417c09fdfab70b8	WXS; RNA-Seq	syn51271280									
file	phs002371	HTA5_1299_1004		SM-L123N_S9_L002_R2_001.fastq.gz	FASTQ	13188472713	1a59b5fed9b0396c0417c09fdfab70b8	WXS; RNA-Seq	syn51271280									
file	phs002371	HTA5_1107_1004		SM-L123N_S9_L003_I1_001.fastq.gz	FASTQ	1892822694	28486dcbcdefc2cc574b33009780c7b3	WXS; RNA-Seq	syn51271274									
file	phs002371	HTA5_1405_1004		SM-L123N_S9_L003_I1_001.fastq.gz	FASTQ	1892822694	28486dcbcdefc2cc574b33009780c7b3	WXS; RNA-Seq	syn51271274									
file	phs002371	HTA5_1299_1004		SM-L123N_S9_L003_I1_001.fastq.gz	FASTQ	1892822694	28486dcbcdefc2cc574b33009780c7b3	WXS; RNA-Seq	syn51271274									
file	phs002371	HTA5_1898_1004		SM-L123N_S9_L003_I2_001.fastq.gz	FASTQ	1698894317	dd66dbd3d091c6f5a8b65a2642194693	WXS; RNA-Seq	syn51271276									
file	phs002371	HTA5_1405_1004		SM-L123N_S9_L003_I2_001.fastq.gz	FASTQ	1698894317	dd66dbd3d091c6f5a8b65a2642194693	WXS; RNA-Seq	syn51271276									
file	phs002371	HTA5_1299_1004		SM-L123N_S9_L003_I2_001.fastq.gz	FASTQ	1698894317	dd66dbd3d091c6f5a8b65a2642194693	WXS; RNA-Seq	syn51271276									
file	phs002371	HTA5_1898_1004		SM-L123N_S9_L003_R1_001.fastq.gz	FASTQ	5812008516	6bca87a9a759e83badf0f9b7debb1d98	WXS; RNA-Seq	syn51271278									
file	phs002371	HTA5_1107_1004		SM-L123N_S9_L003_R1_001.fastq.gz	FASTQ	5812008516	6bca87a9a759e83badf0f9b7debb1d98	WXS; RNA-Seq	syn51271278									
file	phs002371	HTA5_1405_1004		SM-L123N_S9_L003_R1_001.fastq.gz	FASTQ	5812008516	6bca87a9a759e83badf0f9b7debb1d98	WXS; RNA-Seq	syn51271278									
file	phs002371	HTA5_1107_1004		SM-L123N_S9_L003_R2_001.fastq.gz	FASTQ	13136943362	a42475db49d1af60ab0e2a5e8d80f37a	WXS; RNA-Seq	syn51271277									
file	phs002371	HTA5_1405_1004		SM-L123N_S9_L003_R2_001.fastq.gz	FASTQ	13136943362	a42475db49d1af60ab0e2a5e8d80f37a	WXS; RNA-Seq	syn51271277									
file	phs002371	HTA5_1898_1004		SM-L123N_S9_L003_R2_001.fastq.gz	FASTQ	13136943362	a42475db49d1af60ab0e2a5e8d80f37a	WXS; RNA-Seq	syn51271277									
file	phs002371	HTA5_1107_1004		SM-L123N_S9_L004_I1_001.fastq.gz	FASTQ	1888451512	bd8b6455321096a6669159f4ad9a328a	WXS; RNA-Seq	syn51271281									
file	phs002371	HTA5_1299_1004		SM-L123N_S9_L004_I1_001.fastq.gz	FASTQ	1888451512	bd8b6455321096a6669159f4ad9a328a	WXS; RNA-Seq	syn51271281									
file	phs002371	HTA5_1405_1004		SM-L123N_S9_L004_I1_001.fastq.gz	FASTQ	1888451512	bd8b6455321096a6669159f4ad9a328a	WXS; RNA-Seq	syn51271281									
file	phs002371	HTA5_1107_1004		SM-L123N_S9_L004_I2_001.fastq.gz	FASTQ	1715241841	d2b826e595967021bf7630b89b7f5ca7	WXS; RNA-Seq	syn51271283									
file	phs002371	HTA5_1405_1004		SM-L123N_S9_L004_I2_001.fastq.gz	FASTQ	1715241841	d2b826e595967021bf7630b89b7f5ca7	WXS; RNA-Seq	syn51271283									
file	phs002371	HTA5_1299_1004		SM-L123N_S9_L004_I2_001.fastq.gz	FASTQ	1715241841	d2b826e595967021bf7630b89b7f5ca7	WXS; RNA-Seq	syn51271283									
file	phs002371	HTA5_1107_1004		SM-L123N_S9_L004_R1_001.fastq.gz	FASTQ	5805788307	4bfed2fec6b64af8939b02587243403a	WXS; RNA-Seq	syn51271284									
file	phs002371	HTA5_1299_1004		SM-L123N_S9_L004_R1_001.fastq.gz	FASTQ	5805788307	4bfed2fec6b64af8939b02587243403a	WXS; RNA-Seq	syn51271284									
file	phs002371	HTA5_1405_1004		SM-L123N_S9_L004_R1_001.fastq.gz	FASTQ	5805788307	4bfed2fec6b64af8939b02587243403a	WXS; RNA-Seq	syn51271284									
file	phs002371	HTA5_1405_1004		SM-L123N_S9_L004_R2_001.fastq.gz	FASTQ	13135051332	acc875be8cd146ad946f634ed87bd7d8	WXS; RNA-Seq	syn51271282									
file	phs002371	HTA5_1898_1004		SM-L123N_S9_L004_R2_001.fastq.gz	FASTQ	13135051332	acc875be8cd146ad946f634ed87bd7d8	WXS; RNA-Seq	syn51271282									
file	phs002371	HTA5_1299_1004		SM-L123N_S9_L004_R2_001.fastq.gz	FASTQ	13135051332	acc875be8cd146ad946f634ed87bd7d8	WXS; RNA-Seq	syn51271282									
file	phs002371	HTA5_1266_1004		SM-L123O_S6_L001_I1_001.fastq.gz	FASTQ	2319565098	8d8e0e6567bf3ff9e5963ae4a788fc50	WXS; RNA-Seq	syn51271323									
file	phs002371	HTA5_1243_1004		SM-L123O_S6_L001_I1_001.fastq.gz	FASTQ	2319565098	8d8e0e6567bf3ff9e5963ae4a788fc50	WXS; RNA-Seq	syn51271323									
file	phs002371	HTA5_1130_1004		SM-L123O_S6_L001_I1_001.fastq.gz	FASTQ	2319565098	8d8e0e6567bf3ff9e5963ae4a788fc50	WXS; RNA-Seq	syn51271323									
file	phs002371	HTA5_1266_1004		SM-L123O_S6_L001_I2_001.fastq.gz	FASTQ	2359105488	04955f99147ff112eff8eb8af1277453	WXS; RNA-Seq	syn51271324									
file	phs002371	HTA5_1130_1004		SM-L123O_S6_L001_I2_001.fastq.gz	FASTQ	2359105488	04955f99147ff112eff8eb8af1277453	WXS; RNA-Seq	syn51271324									
file	phs002371	HTA5_1243_1004		SM-L123O_S6_L001_I2_001.fastq.gz	FASTQ	2359105488	04955f99147ff112eff8eb8af1277453	WXS; RNA-Seq	syn51271324									
file	phs002371	HTA5_1266_1004		SM-L123O_S6_L001_R1_001.fastq.gz	FASTQ	7527532033	6212d83e8bfe9050c3ce4382f300fd7c	WXS; RNA-Seq	syn51271325									
file	phs002371	HTA5_1648_1004		SM-L123O_S6_L001_R1_001.fastq.gz	FASTQ	7527532033	6212d83e8bfe9050c3ce4382f300fd7c	WXS; RNA-Seq	syn51271325									
file	phs002371	HTA5_1130_1004		SM-L123O_S6_L001_R1_001.fastq.gz	FASTQ	7527532033	6212d83e8bfe9050c3ce4382f300fd7c	WXS; RNA-Seq	syn51271325									
file	phs002371	HTA5_1243_1004		SM-L123O_S6_L001_R2_001.fastq.gz	FASTQ	17352189464	17d241be869c1b5f9613bdee9b3ad3fd	WXS; RNA-Seq	syn51271326									
file	phs002371	HTA5_1130_1004		SM-L123O_S6_L001_R2_001.fastq.gz	FASTQ	17352189464	17d241be869c1b5f9613bdee9b3ad3fd	WXS; RNA-Seq	syn51271326									
file	phs002371	HTA5_1266_1004		SM-L123O_S6_L001_R2_001.fastq.gz	FASTQ	17352189464	17d241be869c1b5f9613bdee9b3ad3fd	WXS; RNA-Seq	syn51271326									
file	phs002371	HTA5_1130_1004		SM-L123O_S6_L002_I1_001.fastq.gz	FASTQ	2316576334	33836a62515e3f8183dee2e6617f7667	WXS; RNA-Seq	syn51271327									
file	phs002371	HTA5_1648_1004		SM-L123O_S6_L002_I1_001.fastq.gz	FASTQ	2316576334	33836a62515e3f8183dee2e6617f7667	WXS; RNA-Seq	syn51271327									
file	phs002371	HTA5_1243_1004		SM-L123O_S6_L002_I1_001.fastq.gz	FASTQ	2316576334	33836a62515e3f8183dee2e6617f7667	WXS; RNA-Seq	syn51271327									
file	phs002371	HTA5_1130_1004		SM-L123O_S6_L002_I2_001.fastq.gz	FASTQ	2400865676	22d2cfd37390ee9869dde36360fa288a	WXS; RNA-Seq	syn51271328									
file	phs002371	HTA5_1266_1004		SM-L123O_S6_L002_I2_001.fastq.gz	FASTQ	2400865676	22d2cfd37390ee9869dde36360fa288a	WXS; RNA-Seq	syn51271328									
file	phs002371	HTA5_1648_1004		SM-L123O_S6_L002_I2_001.fastq.gz	FASTQ	2400865676	22d2cfd37390ee9869dde36360fa288a	WXS; RNA-Seq	syn51271328									
file	phs002371	HTA5_1243_1004		SM-L123O_S6_L002_R1_001.fastq.gz	FASTQ	7504408541	76c32e65268d533964af7cd94f960cde	WXS; RNA-Seq	syn51271329									
file	phs002371	HTA5_1130_1004		SM-L123O_S6_L002_R1_001.fastq.gz	FASTQ	7504408541	76c32e65268d533964af7cd94f960cde	WXS; RNA-Seq	syn51271329									
file	phs002371	HTA5_1648_1004		SM-L123O_S6_L002_R1_001.fastq.gz	FASTQ	7504408541	76c32e65268d533964af7cd94f960cde	WXS; RNA-Seq	syn51271329									
file	phs002371	HTA5_1130_1004		SM-L123O_S6_L002_R2_001.fastq.gz	FASTQ	17354061051	f39cf2dbdad77f60355681f48d075dcc	WXS; RNA-Seq	syn51271331									
file	phs002371	HTA5_1243_1004		SM-L123O_S6_L002_R2_001.fastq.gz	FASTQ	17354061051	f39cf2dbdad77f60355681f48d075dcc	WXS; RNA-Seq	syn51271331									
file	phs002371	HTA5_1648_1004		SM-L123O_S6_L002_R2_001.fastq.gz	FASTQ	17354061051	f39cf2dbdad77f60355681f48d075dcc	WXS; RNA-Seq	syn51271331									
file	phs002371	HTA5_1243_1004		SM-L123O_S6_L003_I1_001.fastq.gz	FASTQ	2324336442	e52555b5521f516bc268df58d28aafd8	WXS; RNA-Seq	syn51271330									
file	phs002371	HTA5_1266_1004		SM-L123O_S6_L003_I1_001.fastq.gz	FASTQ	2324336442	e52555b5521f516bc268df58d28aafd8	WXS; RNA-Seq	syn51271330									
file	phs002371	HTA5_1648_1004		SM-L123O_S6_L003_I1_001.fastq.gz	FASTQ	2324336442	e52555b5521f516bc268df58d28aafd8	WXS; RNA-Seq	syn51271330									
file	phs002371	HTA5_1266_1004		SM-L123O_S6_L003_I2_001.fastq.gz	FASTQ	2333105993	378df8f46c9fe5ba8c669a310a9ed14b	WXS; RNA-Seq	syn51271332									
file	phs002371	HTA5_1130_1004		SM-L123O_S6_L003_I2_001.fastq.gz	FASTQ	2333105993	378df8f46c9fe5ba8c669a310a9ed14b	WXS; RNA-Seq	syn51271332									
file	phs002371	HTA5_1243_1004		SM-L123O_S6_L003_I2_001.fastq.gz	FASTQ	2333105993	378df8f46c9fe5ba8c669a310a9ed14b	WXS; RNA-Seq	syn51271332									
file	phs002371	HTA5_1243_1004		SM-L123O_S6_L003_R1_001.fastq.gz	FASTQ	7501656272	ca441ee07c78ebf8ea10bcb7bd505090	WXS; RNA-Seq	syn51271333									
file	phs002371	HTA5_1648_1004		SM-L123O_S6_L003_R1_001.fastq.gz	FASTQ	7501656272	ca441ee07c78ebf8ea10bcb7bd505090	WXS; RNA-Seq	syn51271333									
file	phs002371	HTA5_1130_1004		SM-L123O_S6_L003_R1_001.fastq.gz	FASTQ	7501656272	ca441ee07c78ebf8ea10bcb7bd505090	WXS; RNA-Seq	syn51271333									
file	phs002371	HTA5_1266_1004		SM-L123O_S6_L003_R2_001.fastq.gz	FASTQ	17281344688	79be5f42ca8ca7ed0d96dbe28778dca0	WXS; RNA-Seq	syn51271338									
file	phs002371	HTA5_1243_1004		SM-L123O_S6_L003_R2_001.fastq.gz	FASTQ	17281344688	79be5f42ca8ca7ed0d96dbe28778dca0	WXS; RNA-Seq	syn51271338									
file	phs002371	HTA5_1648_1004		SM-L123O_S6_L003_R2_001.fastq.gz	FASTQ	17281344688	79be5f42ca8ca7ed0d96dbe28778dca0	WXS; RNA-Seq	syn51271338									
file	phs002371	HTA5_1130_1004		SM-L123O_S6_L004_I1_001.fastq.gz	FASTQ	2312826595	b9ad5a5a440b1d6af205c85c3a6282a6	WXS; RNA-Seq	syn51271334									
file	phs002371	HTA5_1266_1004		SM-L123O_S6_L004_I1_001.fastq.gz	FASTQ	2312826595	b9ad5a5a440b1d6af205c85c3a6282a6	WXS; RNA-Seq	syn51271334									
file	phs002371	HTA5_1243_1004		SM-L123O_S6_L004_I1_001.fastq.gz	FASTQ	2312826595	b9ad5a5a440b1d6af205c85c3a6282a6	WXS; RNA-Seq	syn51271334									
file	phs002371	HTA5_1266_1004		SM-L123O_S6_L004_I2_001.fastq.gz	FASTQ	2361920219	e07bfe75a3cad99fe1e5222653854ecf	WXS; RNA-Seq	syn51271335									
file	phs002371	HTA5_1243_1004		SM-L123O_S6_L004_I2_001.fastq.gz	FASTQ	2361920219	e07bfe75a3cad99fe1e5222653854ecf	WXS; RNA-Seq	syn51271335									
file	phs002371	HTA5_1130_1004		SM-L123O_S6_L004_I2_001.fastq.gz	FASTQ	2361920219	e07bfe75a3cad99fe1e5222653854ecf	WXS; RNA-Seq	syn51271335									
file	phs002371	HTA5_1243_1004		SM-L123O_S6_L004_R1_001.fastq.gz	FASTQ	7480265652	c710e6ca468de1de14396aafc3e78e83	WXS; RNA-Seq	syn51271336									
file	phs002371	HTA5_1130_1004		SM-L123O_S6_L004_R1_001.fastq.gz	FASTQ	7480265652	c710e6ca468de1de14396aafc3e78e83	WXS; RNA-Seq	syn51271336									
file	phs002371	HTA5_1266_1004		SM-L123O_S6_L004_R1_001.fastq.gz	FASTQ	7480265652	c710e6ca468de1de14396aafc3e78e83	WXS; RNA-Seq	syn51271336									
file	phs002371	HTA5_1266_1004		SM-L123O_S6_L004_R2_001.fastq.gz	FASTQ	17256204823	9da0c2d84e2602965d7e5ed1faa572b0	WXS; RNA-Seq	syn51271337									
file	phs002371	HTA5_1130_1004		SM-L123O_S6_L004_R2_001.fastq.gz	FASTQ	17256204823	9da0c2d84e2602965d7e5ed1faa572b0	WXS; RNA-Seq	syn51271337									
file	phs002371	HTA5_1648_1004		SM-L123O_S6_L004_R2_001.fastq.gz	FASTQ	17256204823	9da0c2d84e2602965d7e5ed1faa572b0	WXS; RNA-Seq	syn51271337									
file	phs002371	HTA5_1765_1004		SM-L1287_S8_L001_I1_001.fastq.gz	FASTQ	1145223232	8b3a0217daeb75c25eb14f53ed274099	WXS; RNA-Seq	syn51271420									
file	phs002371	HTA5_1950_1004		SM-L1287_S8_L001_I1_001.fastq.gz	FASTQ	1145223232	8b3a0217daeb75c25eb14f53ed274099	WXS; RNA-Seq	syn51271420									
file	phs002371	HTA5_1470_1004		SM-L1287_S8_L001_I1_001.fastq.gz	FASTQ	1145223232	8b3a0217daeb75c25eb14f53ed274099	WXS; RNA-Seq	syn51271420									
file	phs002371	HTA5_1470_1004		SM-L1287_S8_L001_I2_001.fastq.gz	FASTQ	1131530527	f24eddec1a68d56d58d492ed434ba116	WXS; RNA-Seq	syn51271421									
file	phs002371	HTA5_1536_1004		SM-L1287_S8_L001_I2_001.fastq.gz	FASTQ	1131530527	f24eddec1a68d56d58d492ed434ba116	WXS; RNA-Seq	syn51271421									
file	phs002371	HTA5_1950_1004		SM-L1287_S8_L001_I2_001.fastq.gz	FASTQ	1131530527	f24eddec1a68d56d58d492ed434ba116	WXS; RNA-Seq	syn51271421									
file	phs002371	HTA5_1470_1004		SM-L1287_S8_L001_R1_001.fastq.gz	FASTQ	3581817617	76a5bd9202b1f9553773fca04b560389	WXS; RNA-Seq	syn51271422									
file	phs002371	HTA5_1536_1004		SM-L1287_S8_L001_R1_001.fastq.gz	FASTQ	3581817617	76a5bd9202b1f9553773fca04b560389	WXS; RNA-Seq	syn51271422									
file	phs002371	HTA5_1950_1004		SM-L1287_S8_L001_R1_001.fastq.gz	FASTQ	3581817617	76a5bd9202b1f9553773fca04b560389	WXS; RNA-Seq	syn51271422									
file	phs002371	HTA5_1950_1004		SM-L1287_S8_L001_R2_001.fastq.gz	FASTQ	8047030614	4b347565ae69dafb325955cb3ac611ec	WXS; RNA-Seq	syn51271423									
file	phs002371	HTA5_1470_1004		SM-L1287_S8_L001_R2_001.fastq.gz	FASTQ	8047030614	4b347565ae69dafb325955cb3ac611ec	WXS; RNA-Seq	syn51271423									
file	phs002371	HTA5_1765_1004		SM-L1287_S8_L001_R2_001.fastq.gz	FASTQ	8047030614	4b347565ae69dafb325955cb3ac611ec	WXS; RNA-Seq	syn51271423									
file	phs002371	HTA5_1470_1004		SM-L1287_S8_L002_I1_001.fastq.gz	FASTQ	1141499756	de47cf2e144d368134040399f95a8f16	WXS; RNA-Seq	syn51271429									
file	phs002371	HTA5_1536_1004		SM-L1287_S8_L002_I1_001.fastq.gz	FASTQ	1141499756	de47cf2e144d368134040399f95a8f16	WXS; RNA-Seq	syn51271429									
file	phs002371	HTA5_1950_1004		SM-L1287_S8_L002_I1_001.fastq.gz	FASTQ	1141499756	de47cf2e144d368134040399f95a8f16	WXS; RNA-Seq	syn51271429									
file	phs002371	HTA5_1950_1004		SM-L1287_S8_L002_I2_001.fastq.gz	FASTQ	1152162321	1db4ac99a61cf186b6b820fef3ac663c	WXS; RNA-Seq	syn51271424									
file	phs002371	HTA5_1470_1004		SM-L1287_S8_L002_I2_001.fastq.gz	FASTQ	1152162321	1db4ac99a61cf186b6b820fef3ac663c	WXS; RNA-Seq	syn51271424									
file	phs002371	HTA5_1765_1004		SM-L1287_S8_L002_I2_001.fastq.gz	FASTQ	1152162321	1db4ac99a61cf186b6b820fef3ac663c	WXS; RNA-Seq	syn51271424									
file	phs002371	HTA5_1536_1004		SM-L1287_S8_L002_R1_001.fastq.gz	FASTQ	3581359060	2840384ac4904ae127eb8783492415dc	WXS; RNA-Seq	syn51271425									
file	phs002371	HTA5_1470_1004		SM-L1287_S8_L002_R1_001.fastq.gz	FASTQ	3581359060	2840384ac4904ae127eb8783492415dc	WXS; RNA-Seq	syn51271425									
file	phs002371	HTA5_1950_1004		SM-L1287_S8_L002_R1_001.fastq.gz	FASTQ	3581359060	2840384ac4904ae127eb8783492415dc	WXS; RNA-Seq	syn51271425									
file	phs002371	HTA5_1765_1004		SM-L1287_S8_L002_R2_001.fastq.gz	FASTQ	8069843585	3bc03f02eda0263aca9d560f1036ed2a	WXS; RNA-Seq	syn51271426									
file	phs002371	HTA5_1536_1004		SM-L1287_S8_L002_R2_001.fastq.gz	FASTQ	8069843585	3bc03f02eda0263aca9d560f1036ed2a	WXS; RNA-Seq	syn51271426									
file	phs002371	HTA5_1950_1004		SM-L1287_S8_L002_R2_001.fastq.gz	FASTQ	8069843585	3bc03f02eda0263aca9d560f1036ed2a	WXS; RNA-Seq	syn51271426									
file	phs002371	HTA5_1536_1004		SM-L1287_S8_L003_I1_001.fastq.gz	FASTQ	1140550143	10c75407d7e92cd698dc56ead6deed04	WXS; RNA-Seq	syn51271428									
file	phs002371	HTA5_1470_1004		SM-L1287_S8_L003_I1_001.fastq.gz	FASTQ	1140550143	10c75407d7e92cd698dc56ead6deed04	WXS; RNA-Seq	syn51271428									
file	phs002371	HTA5_1950_1004		SM-L1287_S8_L003_I1_001.fastq.gz	FASTQ	1140550143	10c75407d7e92cd698dc56ead6deed04	WXS; RNA-Seq	syn51271428									
file	phs002371	HTA5_1950_1004		SM-L1287_S8_L003_I2_001.fastq.gz	FASTQ	1116382952	647fc58305febc6c0404ae045c07be74	WXS; RNA-Seq	syn51271427									
file	phs002371	HTA5_1536_1004		SM-L1287_S8_L003_I2_001.fastq.gz	FASTQ	1116382952	647fc58305febc6c0404ae045c07be74	WXS; RNA-Seq	syn51271427									
file	phs002371	HTA5_1470_1004		SM-L1287_S8_L003_I2_001.fastq.gz	FASTQ	1116382952	647fc58305febc6c0404ae045c07be74	WXS; RNA-Seq	syn51271427									
file	phs002371	HTA5_1536_1004		SM-L1287_S8_L003_R1_001.fastq.gz	FASTQ	3577660985	a345875d7493425ea6b953a80a197635	WXS; RNA-Seq	syn51271430									
file	phs002371	HTA5_1950_1004		SM-L1287_S8_L003_R1_001.fastq.gz	FASTQ	3577660985	a345875d7493425ea6b953a80a197635	WXS; RNA-Seq	syn51271430									
file	phs002371	HTA5_1765_1004		SM-L1287_S8_L003_R1_001.fastq.gz	FASTQ	3577660985	a345875d7493425ea6b953a80a197635	WXS; RNA-Seq	syn51271430									
file	phs002371	HTA5_1536_1004		SM-L1287_S8_L003_R2_001.fastq.gz	FASTQ	8036024539	077b17aa2be56c4e8e31e392a38ac323	WXS; RNA-Seq	syn51271431									
file	phs002371	HTA5_1470_1004		SM-L1287_S8_L003_R2_001.fastq.gz	FASTQ	8036024539	077b17aa2be56c4e8e31e392a38ac323	WXS; RNA-Seq	syn51271431									
file	phs002371	HTA5_1765_1004		SM-L1287_S8_L003_R2_001.fastq.gz	FASTQ	8036024539	077b17aa2be56c4e8e31e392a38ac323	WXS; RNA-Seq	syn51271431									
file	phs002371	HTA5_1950_1004		SM-L1287_S8_L004_I1_001.fastq.gz	FASTQ	1138362349	b1a120d736355e73e3248dd9b1b71ebe	WXS; RNA-Seq	syn51271432									
file	phs002371	HTA5_1765_1004		SM-L1287_S8_L004_I1_001.fastq.gz	FASTQ	1138362349	b1a120d736355e73e3248dd9b1b71ebe	WXS; RNA-Seq	syn51271432									
file	phs002371	HTA5_1470_1004		SM-L1287_S8_L004_I1_001.fastq.gz	FASTQ	1138362349	b1a120d736355e73e3248dd9b1b71ebe	WXS; RNA-Seq	syn51271432									
file	phs002371	HTA5_1765_1004		SM-L1287_S8_L004_I2_001.fastq.gz	FASTQ	1128067380	6b70dc6c4a4eb61a5bbd0d22aebeaddc	WXS; RNA-Seq	syn51271433									
file	phs002371	HTA5_1536_1004		SM-L1287_S8_L004_I2_001.fastq.gz	FASTQ	1128067380	6b70dc6c4a4eb61a5bbd0d22aebeaddc	WXS; RNA-Seq	syn51271433									
file	phs002371	HTA5_1950_1004		SM-L1287_S8_L004_I2_001.fastq.gz	FASTQ	1128067380	6b70dc6c4a4eb61a5bbd0d22aebeaddc	WXS; RNA-Seq	syn51271433									
file	phs002371	HTA5_1536_1004		SM-L1287_S8_L004_R1_001.fastq.gz	FASTQ	3564401666	eefff0f8583719b054a4624532af251f	WXS; RNA-Seq	syn51271434									
file	phs002371	HTA5_1470_1004		SM-L1287_S8_L004_R1_001.fastq.gz	FASTQ	3564401666	eefff0f8583719b054a4624532af251f	WXS; RNA-Seq	syn51271434									
file	phs002371	HTA5_1765_1004		SM-L1287_S8_L004_R1_001.fastq.gz	FASTQ	3564401666	eefff0f8583719b054a4624532af251f	WXS; RNA-Seq	syn51271434									
file	phs002371	HTA5_1950_1004		SM-L1287_S8_L004_R2_001.fastq.gz	FASTQ	8015681802	6197260f96950897e0b942b84f9a378b	WXS; RNA-Seq	syn51271435									
file	phs002371	HTA5_1536_1004		SM-L1287_S8_L004_R2_001.fastq.gz	FASTQ	8015681802	6197260f96950897e0b942b84f9a378b	WXS; RNA-Seq	syn51271435									
file	phs002371	HTA5_1765_1004		SM-L1287_S8_L004_R2_001.fastq.gz	FASTQ	8015681802	6197260f96950897e0b942b84f9a378b	WXS; RNA-Seq	syn51271435									
file	phs002371	HTA11_99999973458_83798		Lau10096_S1_sample_alignments.bam	BAM	21524272616	78ed51c52bd8f0144b370dffe61c5b4c	WXS; RNA-Seq	syn52579000									
file	phs002371	HTA11_99999971662_82457		Lau10096_S1_sample_alignments.bam	BAM	21524272616	78ed51c52bd8f0144b370dffe61c5b4c	WXS; RNA-Seq	syn52579000									
file	phs002371	HTA11_99999971662_82457		Lau10096_S2_sample_alignments.bam	BAM	1208981960	8abe1ba95c65f03ca2d56f24bfc921b8	WXS; RNA-Seq	syn52579001									
file	phs002371	HTA11_99999973458_83798		Lau10096_S2_sample_alignments.bam	BAM	1208981960	8abe1ba95c65f03ca2d56f24bfc921b8	WXS; RNA-Seq	syn52579001									
file	phs002371	HTA11_99999971662_82457		Lau10096_S3_sample_alignments.bam	BAM	13091954900	ce0d50fe888fba6b84ab7d782174ccd8	WXS; RNA-Seq	syn52579005									
file	phs002371	HTA11_99999973458_83798		Lau10096_S3_sample_alignments.bam	BAM	13091954900	ce0d50fe888fba6b84ab7d782174ccd8	WXS; RNA-Seq	syn52579005									
file	phs002371	HTA11_99999974143_84620		Lau10096_S4_sample_alignments.bam	BAM	15238965312	c8a7b5dd74954a14b1b8c5607e1924ea	WXS; RNA-Seq	syn52579008									
file	phs002371	HTA11_99999973458_83798		Lau10096_S4_sample_alignments.bam	BAM	15238965312	c8a7b5dd74954a14b1b8c5607e1924ea	WXS; RNA-Seq	syn52579008									
file	phs002371	HTA11_99999933430_84221		Lau10180_0001_S1_sample_alignments.bam	BAM	13162201156	9a08432fe231182a0cc20d43710879fc	WXS; RNA-Seq	syn52579011									
file	phs002371	HTA11_99999959460_84226		Lau10180_0001_S1_sample_alignments.bam	BAM	13162201156	9a08432fe231182a0cc20d43710879fc	WXS; RNA-Seq	syn52579011									
file	phs002371	HTA11_99999954273_84216		Lau10180_0001_S1_sample_alignments.bam	BAM	13162201156	9a08432fe231182a0cc20d43710879fc	WXS; RNA-Seq	syn52579011									
file	phs002371	HTA11_99999933430_84221		Lau10180_0001_S2_sample_alignments.bam	BAM	1803623249	9c0ea728fa9bd59ac65148fe6558ab51	WXS; RNA-Seq	syn52579012									
file	phs002371	HTA11_99999959460_84226		Lau10180_0001_S2_sample_alignments.bam	BAM	1803623249	9c0ea728fa9bd59ac65148fe6558ab51	WXS; RNA-Seq	syn52579012									
file	phs002371	HTA11_99999959600_84594		Lau10180_0001_S2_sample_alignments.bam	BAM	1803623249	9c0ea728fa9bd59ac65148fe6558ab51	WXS; RNA-Seq	syn52579012									
file	phs002371	HTA11_99999959600_84594		Lau10180_0001_S3_sample_alignments.bam	BAM	2636010369	829afc1c95a0478c9b12a7f1d5f1c0db	WXS; RNA-Seq	syn52579014									
file	phs002371	HTA11_99999933430_84221		Lau10180_0001_S3_sample_alignments.bam	BAM	2636010369	829afc1c95a0478c9b12a7f1d5f1c0db	WXS; RNA-Seq	syn52579014									
file	phs002371	HTA11_99999954273_84216		Lau10180_0001_S3_sample_alignments.bam	BAM	2636010369	829afc1c95a0478c9b12a7f1d5f1c0db	WXS; RNA-Seq	syn52579014									
file	phs002371	HTA11_99999959600_84594		Lau10180_0001_S4_sample_alignments.bam	BAM	10227201685	68d1e7f932cfa9b013fe6adf3ed5be18	WXS; RNA-Seq	syn52579016									
file	phs002371	HTA11_99999933430_84221		Lau10180_0001_S4_sample_alignments.bam	BAM	10227201685	68d1e7f932cfa9b013fe6adf3ed5be18	WXS; RNA-Seq	syn52579016									
file	phs002371	HTA11_99999954273_84216		Lau10180_0001_S4_sample_alignments.bam	BAM	10227201685	68d1e7f932cfa9b013fe6adf3ed5be18	WXS; RNA-Seq	syn52579016									
file	phs002371	HTA11_99999973899_84307		Lau10180_0002_S1_sample_alignments.bam	BAM	7850067562	2dcaf58f33e962e85bfa8f818e5fa509	WXS; RNA-Seq	syn52579018									
file	phs002371	HTA11_99999930884_84602		Lau10180_0002_S1_sample_alignments.bam	BAM	7850067562	2dcaf58f33e962e85bfa8f818e5fa509	WXS; RNA-Seq	syn52579018									
file	phs002371	HTA11_99999971397_80384		Lau10180_0002_S2_sample_alignments.bam	BAM	2927921279	bb547fd4e954cb76c8f9d5f94a9e1fb2	WXS; RNA-Seq	syn52579020									
file	phs002371	HTA11_99999930884_84602		Lau10180_0002_S2_sample_alignments.bam	BAM	2927921279	bb547fd4e954cb76c8f9d5f94a9e1fb2	WXS; RNA-Seq	syn52579020									
file	phs002371	HTA11_99999971397_80384		Lau10180_0002_S3_sample_alignments.bam	BAM	12094827589	0d90d33b58a565504a525261303268c7	WXS; RNA-Seq	syn52579028									
file	phs002371	HTA11_99999973899_84307		Lau10180_0002_S3_sample_alignments.bam	BAM	12094827589	0d90d33b58a565504a525261303268c7	WXS; RNA-Seq	syn52579028									
file	phs002371	HTA11_99999973899_84307		Lau10180_0002_S4_sample_alignments.bam	BAM	7757895551	0d322482c5beec4e9990c3f72839d5b3	WXS; RNA-Seq	syn52579060									
file	phs002371	HTA11_99999971397_80384		Lau10180_0002_S4_sample_alignments.bam	BAM	7757895551	0d322482c5beec4e9990c3f72839d5b3	WXS; RNA-Seq	syn52579060									
file	phs002371	HTA11_99999959667_84596		Lau10284_S1_sample_alignments.bam	BAM	829780708	ad72d6082defce6fbba6211b1ad6d453	WXS; RNA-Seq	syn52579069									
file	phs002371	HTA11_9999991972_1972		Lau10284_S1_sample_alignments.bam	BAM	829780708	ad72d6082defce6fbba6211b1ad6d453	WXS; RNA-Seq	syn52579069									
file	phs002371	HTA11_9999991972_1972		Lau10284_S2_sample_alignments.bam	BAM	1879956302	28896977a152758cc8ff7a2de3b7901b	WXS; RNA-Seq	syn52579079									
file	phs002371	HTA11_9999991971_1971		Lau10284_S2_sample_alignments.bam	BAM	1879956302	28896977a152758cc8ff7a2de3b7901b	WXS; RNA-Seq	syn52579079									
file	phs002371	HTA11_9999991972_1972		Lau10284_S3_sample_alignments.bam	BAM	3297393360	9ca7f97a342414a425572c74e25a57ac	WXS; RNA-Seq	syn52579095									
file	phs002371	HTA11_99999959667_84596		Lau10284_S3_sample_alignments.bam	BAM	3297393360	9ca7f97a342414a425572c74e25a57ac	WXS; RNA-Seq	syn52579095									
file	phs002371	HTA11_9999991971_1971		Lau10284_S4_sample_alignments.bam	BAM	4915750869	cec4dc18f32c9abc3d8514f0f74de0ce	WXS; RNA-Seq	syn52579114									
file	phs002371	HTA11_9999991972_1972		Lau10284_S4_sample_alignments.bam	BAM	4915750869	cec4dc18f32c9abc3d8514f0f74de0ce	WXS; RNA-Seq	syn52579114									
file	phs002371	HTA5_1664_1008		SM-L128J_possorted_genome_bam.bam	BAM	17752988645	2a6f68f51a24b90e88e43643a454adb0	WXS; RNA-Seq	syn68646388									
file	phs002371	HTA5_1855_1004		SM-L128J_possorted_genome_bam.bam	BAM	17752988645	2a6f68f51a24b90e88e43643a454adb0	WXS; RNA-Seq	syn68646388									
file	phs002371	HTA5_1939_1006		SM-L128J_possorted_genome_bam.bam	BAM	17752988645	2a6f68f51a24b90e88e43643a454adb0	WXS; RNA-Seq	syn68646388									
file	phs002371	HTA5_1130_1004		SM-L123O_possorted_genome_bam.bam	BAM	81297365329	3089f4ca148c754148924a8ec8f293fa	WXS; RNA-Seq	syn68646571									
file	phs002371	HTA5_1266_1004		SM-L123O_possorted_genome_bam.bam	BAM	81297365329	3089f4ca148c754148924a8ec8f293fa	WXS; RNA-Seq	syn68646571									
file	phs002371	HTA5_1648_1004		SM-L123O_possorted_genome_bam.bam	BAM	81297365329	3089f4ca148c754148924a8ec8f293fa	WXS; RNA-Seq	syn68646571									
file	phs002371	HTA5_1380_1001		SM-L123P_possorted_genome_bam.bam	BAM	24950596722	ef9f0f68b67d4fbf10c1d2536d8bb880	WXS; RNA-Seq	syn68647625									
file	phs002371	HTA5_1287_1001		SM-L123P_possorted_genome_bam.bam	BAM	24950596722	ef9f0f68b67d4fbf10c1d2536d8bb880	WXS; RNA-Seq	syn68647625									
file	phs002371	HTA5_1340_1001		SM-L123P_possorted_genome_bam.bam	BAM	24950596722	ef9f0f68b67d4fbf10c1d2536d8bb880	WXS; RNA-Seq	syn68647625									
file	phs002371	HTA5_1765_1004		SM-L1287_possorted_genome_bam.bam	BAM	40064102885	9c3a01dc2faf6723b76165b8f4a17429	WXS; RNA-Seq	syn68689732									
file	phs002371	HTA5_1950_1004		SM-L1287_possorted_genome_bam.bam	BAM	40064102885	9c3a01dc2faf6723b76165b8f4a17429	WXS; RNA-Seq	syn68689732									
file	phs002371	HTA5_1470_1004		SM-L1287_possorted_genome_bam.bam	BAM	40064102885	9c3a01dc2faf6723b76165b8f4a17429	WXS; RNA-Seq	syn68689732									
file	phs002371	HTA3_50408_9018911		PCGA20_408_1890_sc_G3-E5_L_176510.dedup.cleaned.bam	BAM	1954446831	8dba1ee8e570d1dd63e7d4778d07d303	WXS; RNA-Seq	syn58894317									
file	phs002371	HTA3_50408_9018913		PCGA20_408_1890_sc_H2-B5_L_176507.dedup.cleaned.bam	BAM	1857774494	7d2532dd916494587c947d287334e7ff	WXS; RNA-Seq	syn58894340									
file	phs002371	HTA3_50408_9018929		PCGA20_408_1890_sc_G8-D8_L_176532.dedup.cleaned.bam	BAM	1487790983	fa78d6a67cf26b354004795fe90cd8a5	WXS; RNA-Seq	syn58894329									
file	phs002371	HTA3_50408_9018907		PCGA20_408_1890_sc_G6-C7_L_176523.dedup.cleaned.bam	BAM	2175288537	fae52833cecc984f0aa82cc5b24b0664	WXS; RNA-Seq	syn58894325									
file	phs002371	HTA3_50408_9018939		PCGA20_408_1890_sc_F8-C8_L_176531.dedup.cleaned.bam	BAM	2191735525	343163fa3eb6591a603b9e6ac4e4d2e7	WXS; RNA-Seq	syn58894303									
file	phs002371	HTA3_50408_9018928		PCGA20_408_1890_sc_H3-F5_L_176511.dedup.cleaned.bam	BAM	1929083854	68b031d7c276bff3a875bc24bb511e39	WXS; RNA-Seq	syn58894345									
file	phs002371	HTA3_50408_9018927		PCGA20_408_1890_sc_G11-G9_L_176542.dedup.cleaned.bam	BAM	1383738239	96bfb7d79887e34ef8e8dc657866c4cf	WXS; RNA-Seq	syn58894305									
file	phs002371	HTA3_50408_9018622		PCGA20_408_1890_sc_G12-B10_L_176545.dedup.cleaned.bam	BAM	1914444990	d0c6fcc87a4a3d2fdd3d19cce55c5132	WXS; RNA-Seq	syn58894310									
file	phs002371	HTA3_50408_9018936		PCGA20_408_1890_sc_H7-G7_L_176527.dedup.cleaned.bam	BAM	1703065414	01f835186a8932a9c927dec98b491d78	WXS; RNA-Seq	syn58894348									
file	phs002371	HTA3_50408_9018942		PCGA20_408_1890_sc_H11-H9_L_176543.dedup.cleaned.bam	BAM	1543330154	a180b90622bdaddd476177b86ab136ce	WXS; RNA-Seq	syn58894339									
file	phs002371	HTA3_50408_9018617		PCGA20_408_1890_sc_H10-B9_L_176537.dedup.cleaned.bam	BAM	1457280734	fec2dd1ba1ac499bcc4440ddc70f2fe5	WXS; RNA-Seq	syn58894334									
